"","name","position","drill","duration","playerload_min","jumps_min","explosive_efforts_min","accelerations_min","decelerations_min","change_of_directions_min","pl_z","jumps_z","explosive_z","accel_z","decel_z","cod_z","playerload_mino","jumps_mino","explosive_efforts_mino","accelerations_mino","decelerations_mino","change_of_directions_mino"
"1","Allie Smith ","DEF"," Half Court Transitition",14,59.87,65.43,67.28,94.33,88.69,66.7,0.0418182504734105,0.23373758302072,0.109352523943266,1.20370260577834,0.281910505552336,-0.0140894782920417,"NORMAL","NORMAL","NORMAL","NORMAL","NORMAL","NORMAL"
"2","Allie Smith ","DEF"," Footwork Drill",18,67.16,92.94,119.37,136.71,92.83,76.26,0.160819458314683,-0.0707471123484635,1.10133322082662,2.05335069995374,1.12100877343063,0.31811048389882,"NORMAL","NORMAL","NORMAL","HIGH","NORMAL","NORMAL"
"3","Allie Smith ","DEF"," Intercept",9,65.18,73.97,113.94,117.57,64.65,80.06,-0.261544225969568,0.696494144334727,1.58052082540325,1.90821693772568,-0.178082200392524,0.247020609817787,"NORMAL","NORMAL","HIGH","HIGH","NORMAL","NORMAL"
"4","Allie Smith ","DEF"," Warm Up",8,59.45,117.59,13.02,79.97,49.32,16.29,-0.27704662206565,0.139865063135811,0.261202028078247,1.61232887484464,0.722231509517304,-0.128381030362864,"NORMAL","NORMAL","NORMAL","HIGH","NORMAL","NORMAL"
"5","Allie Smith ","DEF"," Long Line Passing",14,51.85,49.31,68.37,127.14,24.45,31.39,-0.0201806302583675,1.25005549689079,0.851460703769206,1.3457596008846,-0.411329684935378,-0.87209298191558,"NORMAL","NORMAL","NORMAL","NORMAL","NORMAL","NORMAL"
"6","Allie Smith ","DEF"," Full Court Transition",18,61.43,39.83,58.6,71.09,37.3,52.14,0.567355247915775,-0.375549706144307,0.818075224535494,1.32772636389797,0.0230826423777131,0.489760823898042,"NORMAL","NORMAL","NORMAL","NORMAL","NORMAL","NORMAL"
"7","Allie Smith ","DEF"," Throw In",31,62.05,57.85,57.51,65.62,48.49,44.86,0.122389203711589,1.45893985070763,1.20172596667823,1.75094365241909,1.47996664980712,0.835889638610815,"NORMAL","NORMAL","NORMAL","HIGH","NORMAL","NORMAL"
"8","Allie Smith ","DEF"," Sprints",3,110.36,0,0,0,0,49.64,-0.016182047295452,NA,NA,-1.76919005805333,-0.301511344577764,2.0512596689062,"NORMAL","NORMAL","NORMAL","LOW","NORMAL","HIGH"
"9","Allie Smith ","DEF"," Suicides",2,184.6,0,571.89,676.01,136.76,121.78,0.419501946013133,-0.277350098112615,1.79983039939676,2.18854890865569,0.999951762591315,-0.331797526335647,"NORMAL","NORMAL","HIGH","HIGH","NORMAL","NORMAL"
"10","Allie Smith ","DEF"," 2v1 Open Space",2,177.31,42.67,97.67,338.35,242.44,205.42,0.57164733855257,-0.266469518433596,-0.736712710137429,2.31085833155885,0.618166000866122,1.08075225404657,"NORMAL","NORMAL","NORMAL","HIGH","NORMAL","NORMAL"
"11","Allie Smith ","DEF"," 2v2",8,67.88,111.9,192.08,177.72,117.28,89.84,1.18954098047073,1.41213500024463,2.14791838361676,2.17169734766414,1.90925413685439,1.06220496505236,"NORMAL","NORMAL","HIGH","HIGH","HIGH","NORMAL"
"12","Allie Smith ","DEF"," Zone",42,41.86,36.04,40.15,70.4,43.93,41.28,-0.508799668264608,-0.488477558391949,0.00872575766826839,2.08287222977059,0.0286814323745383,-0.345475366908583,"NORMAL","NORMAL","NORMAL","HIGH","NORMAL","NORMAL"
"13","Allie Smith ","DEF"," MAS",13,155.76,0,0,27.34,0,64.96,-0.27386309212268,NA,-0.391276401369527,0.700147589521168,-0.595437033980388,3.0306952505844,"NORMAL","NORMAL","NORMAL","NORMAL","NORMAL","HIGH"
"14","Allie Smith ","DEF"," Match Sim",41,89.44,73.02,105.26,154.48,101.12,80.93,0.408961570871217,-0.302457731929388,1.54415678352262,2.80339681979678,1.20411121069667,-0.101327892970429,"NORMAL","NORMAL","HIGH","HIGH","NORMAL","NORMAL"
"15","Allie Smith ","DEF"," Mid Court to Goal (thin)",22,53.52,72.07,121.54,79.97,74.6,76.26,0.172822966321545,0.528925817141234,1.00362694834591,0.996300168142857,0.557475023232935,1.0842518064704,"NORMAL","NORMAL","NORMAL","NORMAL","NORMAL","NORMAL"
"16","Allie Smith ","DEF"," Passing Drill",12,79.96,79.66,142.16,162,102.78,96.03,-0.438699872419915,-0.322086445263143,1.29377665341735,2.61760630635967,0.766298130820765,0.327696593640044,"NORMAL","NORMAL","NORMAL","HIGH","NORMAL","NORMAL"
"17","Allie Smith ","DEF"," Specialist Drill",19,37.27,42.67,48.83,66.3,37.3,36.93,-0.938868498574142,-0.114029474139254,0.255528634787441,1.73309216210123,-0.486668471818732,-0.847427991220289,"NORMAL","NORMAL","NORMAL","HIGH","NORMAL","NORMAL"
"18","Allie Smith ","DEF"," End to End",10,76.53,139.4,73.79,215.99,76.25,99.51,0.0903379673015672,-0.476755094814491,0.490597293080462,2.57655436958746,-0.350277805312793,1.3449467787217,"NORMAL","NORMAL","NORMAL","HIGH","NORMAL","NORMAL"
"19","Allie Smith ","DEF"," Finisher",8,79.86,124.23,57.51,241.29,96.97,53.12,0.0599504520105048,1.77737480206461,0.311563378290013,2.10799577246382,1.04223540390126,-0.214308021506095,"NORMAL","HIGH","NORMAL","HIGH","NORMAL","NORMAL"
"20","Allie Smith ","DEF"," 2v2 Open Space",5,85.06,97.68,202.93,268.63,162.87,74.3,1.51424102731966,0.483179877608289,1.92293780960807,2.9134007953329,2.72697404697509,-0.0212608788680991,"HIGH","NORMAL","HIGH","HIGH","HIGH","NORMAL"
"21","Allie Smith ","DEF"," 20 Point Thrown In",34,87.15,58.8,105.26,157.21,97.8,91.47,0.118024759926932,-0.564941472042814,0.667312693271703,2.10078068724752,0.457994834516779,-0.0203229290375525,"NORMAL","NORMAL","NORMAL","HIGH","NORMAL","NORMAL"
"22","Allie Smith ","DEF"," 3v3",35,46.96,35.09,30.39,89.54,44.76,52.25,0.0284703474606519,-0.697978747249553,-0.644531162408464,2.1188744903501,0.188491467601862,0.969262534485524,"NORMAL","NORMAL","NORMAL","HIGH","NORMAL","NORMAL"
"23","Allie Smith ","DEF"," Centre Pass",12,29.88,32.24,18.45,47.16,7.05,10.32,-1.28886161595841,-0.490132673265542,-0.680533311659487,-0.103516039849327,-1.25177541469304,-1.2286324653768,"NORMAL","NORMAL","NORMAL","NORMAL","NORMAL","NORMAL"
"24","Allie Smith ","DEF"," 3 Feed and Shoot Drill",11,63.2,116.64,113.94,239.23,87.03,94.18,0.574578971800983,0.216803484579067,1.21513295036424,2.09403322293969,1.11652280019608,1.08090723889652,"NORMAL","NORMAL","NORMAL","HIGH","NORMAL","NORMAL"
"25","Allie Smith ","DEF"," Conditioning",26,124,0,37.98,26.66,19.48,39.98,-0.424843099247033,-1.49429605535755,2.9487172699425,0.449092742974843,1.84868577695504,2.92001362914093,"NORMAL","NORMAL","HIGH","NORMAL","HIGH","HIGH"
"26","Allie Smith ","DEF"," Defensive Technique",23,38,60.69,53.17,59.47,43.1,40.52,-0.768890132929415,-0.377157964446021,0.408241675408198,1.97121464360441,-0.331097782251855,-0.580855107057722,"NORMAL","NORMAL","NORMAL","HIGH","NORMAL","NORMAL"
"27","Allie Smith ","DEF"," Circle Entry",15,41.75,47.42,71.62,112.1,46.83,51.38,-0.119970755352212,-0.713290661738685,1.52805331017812,2.6346203524888,0.218908858581254,0.454837815596453,"NORMAL","NORMAL","HIGH","HIGH","NORMAL","NORMAL"
"28","Caitlin Thwaites ","FWD"," Conditioning",30,191.28,15.48,3.3,9.94,6.25,6.91,2.07430546518142,0.363943426905531,-0.263747500841327,-1.04777455111601,-0.285530002199862,-0.191514163561033,"HIGH","NORMAL","NORMAL","NORMAL","NORMAL","NORMAL"
"29","Caitlin Thwaites ","FWD"," Centre Pass",17,101.11,75,98.9,94.48,80.77,85.89,1.74110352091058,0.618444249934399,1.97400855018996,1.33783586313193,0.788135970341943,0.970669346348029,"HIGH","NORMAL","HIGH","NORMAL","NORMAL","NORMAL"
"30","Caitlin Thwaites ","FWD"," Circle Entry",17,60.06,83.33,74.73,58.01,58.17,60.8,1.65973430407985,1.06353892543061,1.73003710180858,0.362952139422282,0.822066970145988,1.3415194286173,"HIGH","NORMAL","HIGH","NORMAL","NORMAL","NORMAL"
"31","Caitlin Thwaites ","FWD"," 15 on",17,277.18,0,0,9.94,0,9.82,1.71755121712728,NA,NA,-0.489231286872546,-0.420200250723224,0.136550574205791,"HIGH","NORMAL","NORMAL","NORMAL","NORMAL","NORMAL"
"32","Caitlin Thwaites ","FWD"," 20 Point Thrown In",34,110.46,77.38,136.26,103.87,112.02,114.59,2.35292090444096,0.136281892948533,1.79760957292544,0.372620389630539,1.2158126779923,1.78685445307092,"HIGH","NORMAL","HIGH","NORMAL","NORMAL","HIGH"
"33","Caitlin Thwaites ","FWD"," 2v1 Open Space",2,230.11,59.52,330.77,166.3,241.35,214.88,2.06714985189709,-0.0533613563196337,1.70439320660594,0.21008728032027,0.607452324847401,1.35301490523686,"HIGH","NORMAL","HIGH","NORMAL","NORMAL","NORMAL"
"34","Caitlin Thwaites ","FWD"," 2v2",8,47.86,14.29,51.65,19.34,96.63,52.82,-0.420860049352371,-1.00142650166184,-0.601089842580804,-1.31922326295463,1.15956602264935,-0.725358804664816,"NORMAL","NORMAL","NORMAL","NORMAL","NORMAL","NORMAL"
"35","Caitlin Thwaites ","FWD"," 2v2 Open Space",5,78.13,46.43,117.58,118.23,75,88.91,0.967015008822214,-0.703791817596617,0.267062259238932,0.421185854579197,-0.268986254635985,0.799486829143705,"NORMAL","NORMAL","NORMAL","NORMAL","NORMAL","NORMAL"
"36","Caitlin Thwaites ","FWD"," 3 Feed and Shoot Drill",11,69.57,114.29,105.49,77.35,71.63,70.72,0.870920761184069,0.182164060980598,1.03305693492664,0.0321714796146233,0.621801498073567,0.412739380888201,"NORMAL","NORMAL","NORMAL","NORMAL","NORMAL","NORMAL"
"37","Caitlin Thwaites ","FWD"," 3v3",35,50.55,57.14,78.02,58.01,35.58,47.37,0.517293834948101,0.62185243030856,2.48077389932839,0.368387997357566,-1.13976173535948,0.255544937075607,"NORMAL","NORMAL","HIGH","NORMAL","NORMAL","NORMAL"
"38","Caitlin Thwaites ","FWD"," Mid Court to Goal (thin)",22,68.15,69.05,138.46,71.82,73.56,75.29,1.54819921144441,0.353166862316382,1.39488768255764,0.585636550979408,0.505438461602815,1.01299677582837,"HIGH","NORMAL","NORMAL","NORMAL","NORMAL","NORMAL"
"39","Caitlin Thwaites ","FWD"," Passing Drill",12,117.27,85.71,81.32,66.3,102.88,95.62,1.57685946375354,-0.0953604189501904,-0.331809275795414,-0.751171694594167,0.771305356606474,0.292986282747727,"HIGH","NORMAL","NORMAL","NORMAL","NORMAL","NORMAL"
"40","Caitlin Thwaites ","FWD"," Specialist Drill",18,56.89,59.52,61.54,43.09,69.71,44.55,1.06521384510584,0.859019077095792,0.92179021480841,0.0575846386446324,2.1533215787978,-0.267127861189307,"NORMAL","NORMAL","NORMAL","NORMAL","HIGH","NORMAL"
"41","Caitlin Thwaites ","FWD"," Defensive Technique",30,51.51,35.71,36.26,27.62,52.4,44.75,1.07466173118517,-1.31217802226876,-0.740846256793903,-0.986607430703072,0.42819132765424,-0.199603945239817,"NORMAL","NORMAL","NORMAL","NORMAL","NORMAL","NORMAL"
"42","Caitlin Thwaites ","FWD"," End to End",8,100.48,194.05,104.4,113.81,118.27,92.32,2.19944696831459,0.442415833244728,1.76045986579778,0.316398907962947,1.33185629517219,0.808980735268238,"HIGH","NORMAL","HIGH","NORMAL","NORMAL","NORMAL"
"43","Caitlin Thwaites ","FWD"," Finisher",9,101.11,42.86,46.15,118.23,134.62,63.42,1.22788503366791,-0.786967977842052,-0.0904257856613161,0.161440309785219,2.05247823673515,0.616732930699699,"NORMAL","NORMAL","NORMAL","NORMAL","HIGH","NORMAL"
"44","Caitlin Thwaites ","FWD"," Footwork Drill",17,89.86,78.57,70.33,67.96,95.67,76.46,2.01190326318271,-0.419421881144737,-0.340344890999808,-0.207608949414167,1.23542913804428,0.334471787258787,"HIGH","NORMAL","NORMAL","NORMAL","NORMAL","NORMAL"
"45","Caitlin Thwaites ","FWD"," Full Court Transition",18,64.5,33.33,40.66,48.07,43.27,58.75,0.914900431374657,-0.68228140330929,0.0437040582953269,-0.0199041871131091,0.559978908591805,1.08303859652469,"NORMAL","NORMAL","NORMAL","NORMAL","NORMAL","NORMAL"
"46","Caitlin Thwaites ","FWD"," Half Court Transitition",14,63.23,98.81,68.13,57.46,86.54,64.49,0.205677517634529,1.2314563197511,0.129673087692971,-0.104813809210772,0.227583563191638,-0.0963918933371846,"NORMAL","NORMAL","NORMAL","NORMAL","NORMAL","NORMAL"
"47","Caitlin Thwaites ","FWD"," Intercept",9,92.55,36.9,76.92,88.4,80.77,95.23,1.11376133883102,-0.364240459729118,0.316767399108497,0.492481102705674,0.277685445157315,0.973342596708298,"NORMAL","NORMAL","NORMAL","NORMAL","NORMAL","NORMAL"
"48","Caitlin Thwaites ","FWD"," Long Line Passing",14,65.45,22.62,34.07,24.86,54.33,52.14,1.67748888425995,-0.364135425756398,-0.470735122350937,-1.31780794046502,2.0678495356131,1.01864408814954,"HIGH","NORMAL","NORMAL","NORMAL","HIGH","NORMAL"
"49","Caitlin Thwaites ","FWD"," MAS",13,242.79,0,0,8.84,11.54,10.12,2.05332697206969,NA,-0.391276401369527,-0.885901031639028,2.31717760627408,-0.0352682711210034,"HIGH","NORMAL","NORMAL","NORMAL","HIGH","NORMAL"
"50","Caitlin Thwaites ","FWD"," Match Sim",43,106.97,90.48,81.32,76.8,91.35,106.42,1.76052834602896,0.514298432374851,0.444225669934586,-0.216572977500373,0.605142845423763,2.15443454529702,"HIGH","NORMAL","NORMAL","NORMAL","NORMAL","HIGH"
"51","Caitlin Thwaites ","FWD"," Sprints",3,133.44,0,0,0,0,0,1.17118736523905,NA,NA,-1.76919005805333,-0.301511344577764,-0.527110602518357,"NORMAL","NORMAL","NORMAL","LOW","NORMAL","NORMAL"
"52","Caitlin Thwaites ","FWD"," Suicides",2,252.77,0,72.53,291.16,222.12,121.89,1.76414466728157,-0.277350098112615,-0.526791517501422,0.244487643963517,2.33063060356643,-0.33012656150853,"HIGH","NORMAL","NORMAL","NORMAL","HIGH","NORMAL"
"53","Caitlin Thwaites ","FWD"," Throw In",31,85.74,26.19,29.67,27.07,57.69,57.88,2.10410335024462,-0.416006954245366,-0.381214278845808,-0.621857005783303,2.26612703762382,2.07555213077998,"HIGH","NORMAL","NORMAL","NORMAL","HIGH","HIGH"
"54","Caitlin Thwaites ","FWD"," Zone",42,60.54,57.14,45.05,38.67,45.67,57.3,1.22821729241457,0.795335165137649,0.419185398383623,-0.771042737329521,0.185453240746359,0.831663671278336,"NORMAL","NORMAL","NORMAL","NORMAL","NORMAL","NORMAL"
"55","Caitlin Thwaites ","FWD"," Warm Up",8,89.38,116.67,16.48,76.24,91.83,25.88,2.00145834896635,0.106734024215148,0.912830825802017,1.39847191565317,2.82135215275149,1.95292755940804,"HIGH","NORMAL","NORMAL","NORMAL","HIGH","HIGH"
"56","Elizabeth Watson ","MID"," Long Line Passing",14,56.64,40.38,57.65,60,36.51,37.43,0.577748559046246,0.709975881332924,0.438226323127575,-0.40269488411944,0.589302892032985,-0.321729034773732,"NORMAL","NORMAL","NORMAL","NORMAL","NORMAL","NORMAL"
"57","Elizabeth Watson ","MID"," Half Court Transitition",14,56.05,53.85,56.47,58.79,76.83,61.16,-0.14447413064429,-0.112385334035538,-0.149077233861807,-0.0576121050628059,-0.0177720695164454,-0.220404129581676,"NORMAL","NORMAL","NORMAL","NORMAL","NORMAL","NORMAL"
"58","Elizabeth Watson ","MID"," Intercept",9,65.04,44.23,23.53,84.85,71.75,57.62,-0.268579037042717,-0.15449714578825,-1.50580946285468,0.320185517710094,0.0226591323248369,-0.827380536248334,"NORMAL","NORMAL","LOW","NORMAL","NORMAL","NORMAL"
"59","Elizabeth Watson ","MID"," 15 on",17,226.76,0,0,7.27,3.81,1.42,0.223339076632382,NA,NA,-0.563661345901019,-0.208117064069078,-1.07562889562633,"NORMAL","NORMAL","NORMAL","NORMAL","NORMAL","NORMAL"
"60","Elizabeth Watson ","MID"," 20 Point Thrown In",34,84.96,107.69,87.06,100,97.14,82.76,-0.0919461777172442,1.28020440063894,0.00371904134595761,0.247236431029531,0.422821854439857,-0.701141051795546,"NORMAL","NORMAL","NORMAL","NORMAL","NORMAL","NORMAL"
"61","Elizabeth Watson ","MID"," 2v1 Open Space",4,141.31,92.31,141.18,261.82,152.38,167.3,-0.448013466000509,0.36134586241727,-0.281060550388377,1.37640899385883,-0.267039193855006,-0.0163568647032922,"NORMAL","NORMAL","NORMAL","NORMAL","NORMAL","NORMAL"
"62","Elizabeth Watson ","MID"," 2v2",8,50.49,46.15,28.24,50.3,26.35,71.07,-0.209303870109876,-0.213637653687859,-1.0593557585196,-0.636820799861077,-1.39191488128917,0.155868607472908,"NORMAL","NORMAL","NORMAL","NORMAL","NORMAL","NORMAL"
"63","Elizabeth Watson ","MID"," 2v2 Open Space",5,58.98,34.62,43.53,95.15,58.41,54.31,-0.545160785438403,-0.977316417018469,-1.16958196460213,0.0387369128731101,-0.834628469313666,-1.14424148688699,"NORMAL","NORMAL","NORMAL","NORMAL","NORMAL","NORMAL"
"64","Elizabeth Watson ","MID"," 3 Feed and Shoot Drill",11,29.2,34.62,0,5.45,25.08,14.52,-1.00715114421549,-0.992186099908756,-1.23998435128788,-0.883617125185676,-0.87360607425129,-1.18790143838151,"NORMAL","NORMAL","NORMAL","NORMAL","NORMAL","NORMAL"
"65","Elizabeth Watson ","MID"," 3v3",35,35.84,38.46,36.47,43.03,38.73,34.59,-1.48565700096844,-0.496263052538857,-0.245583969980162,-0.463273520721346,-0.683988577480588,-1.61357614794463,"NORMAL","NORMAL","NORMAL","NORMAL","NORMAL","LOW"
"66","Elizabeth Watson ","MID"," Centre Pass",17,67.29,69.23,35.29,74.55,41.9,53.36,0.302476244076253,0.468853771757045,-0.124877811926178,0.730774505853477,-0.287438575728458,0.0239538781012568,"NORMAL","NORMAL","NORMAL","NORMAL","NORMAL","NORMAL"
"67","Elizabeth Watson ","MID"," Circle Entry",17,36.13,75,30.59,30.91,31.75,33.18,-0.666226486319345,0.651369878894261,-1.1367039150944,-0.775191853443359,-0.583174414998656,-1.25828377219329,"NORMAL","NORMAL","NORMAL","NORMAL","NORMAL","NORMAL"
"68","Elizabeth Watson ","MID"," Conditioning",30,144.34,25,2.35,15.15,4.76,3.54,0.330696166515078,1.50673670023528,-0.351747545023698,-0.581346405050617,-0.525891416481102,-0.508594558523404,"NORMAL","HIGH","NORMAL","NORMAL","NORMAL","NORMAL"
"69","Elizabeth Watson ","MID"," Defensive Technique",23,31.93,69.23,36.47,29.7,26.03,31.4,-1.59719211776846,-0.0574993858308802,-0.726576093236101,-0.793443540136053,-1.72476069688595,-1.40284342757292,"LOW","NORMAL","NORMAL","NORMAL","LOW","NORMAL"
"70","Elizabeth Watson ","MID"," End to End",8,68.36,198.08,32.94,84.24,51.75,71.66,-0.629136794213105,0.510197330775902,-1.20407392859555,-0.337670352168554,-1.33105566018861,-0.731083027979107,"NORMAL","NORMAL","NORMAL","NORMAL","NORMAL","NORMAL"
"71","Elizabeth Watson ","MID"," Finisher",8,65.53,96.15,41.18,61.21,20.95,41.91,-0.727649668231878,0.892444910706876,-0.266296044890022,-0.740498520719688,-0.997569646617524,-1.11877103842133,"NORMAL","NORMAL","NORMAL","NORMAL","NORMAL","NORMAL"
"72","Elizabeth Watson ","MID"," Footwork Drill",17,62.11,119.23,60,57.58,47.62,72.49,-0.250985529111905,0.567155439610759,-0.644026271406965,-0.54897274811146,-0.700450622408522,0.00969991556340996,"NORMAL","NORMAL","NORMAL","NORMAL","NORMAL","NORMAL"
"73","Elizabeth Watson ","MID"," Full Court Transition",14,58.01,59.62,36.47,41.82,36.19,42.74,0.180187649404577,0.558330337993389,-0.137155205168792,-0.385789979633493,-0.0767422915414899,-0.353932226433344,"NORMAL","NORMAL","NORMAL","NORMAL","NORMAL","NORMAL"
"74","Elizabeth Watson ","MID"," Warm Up",8,60.06,159.62,9.41,46.06,19.68,13.46,-0.230608665756612,1.65344937382656,-0.41867657301505,-0.331877421719073,-0.741375544480842,-0.742573241942809,"NORMAL","HIGH","NORMAL","NORMAL","NORMAL","NORMAL"
"75","Elizabeth Watson ","MID"," Zone",42,45.41,50,28.24,47.88,33.97,34.95,-0.17869205528757,0.360907542104411,-0.988942471090889,0.0573391361968588,-0.868702022443471,-0.810599593607908,"NORMAL","NORMAL","NORMAL","NORMAL","NORMAL","NORMAL"
"76","Elizabeth Watson ","MID"," Passing Drill",11,79.59,100,62.35,61.82,66.98,86.78,-0.458687997704937,0.440162707663379,-0.838669319798803,-0.908874154826907,-1.0262887004634,-0.455401883808592,"NORMAL","NORMAL","NORMAL","NORMAL","NORMAL","NORMAL"
"77","Elizabeth Watson ","MID"," MAS",17,207.71,0,0,3.64,0.95,1.3,1.11528460217576,NA,-0.391276401369527,-1.33170929272189,-0.355663731706406,-0.528371813452178,"NORMAL","NORMAL","NORMAL","NORMAL","NORMAL","NORMAL"
"78","Elizabeth Watson ","MID"," Match Sim",44,89.26,119.23,60,82.42,74.92,80.05,0.395083532107476,1.85918615996631,-0.535328688532282,0.00191608352962255,-0.402129441314597,-0.179204352196611,"NORMAL","HIGH","NORMAL","NORMAL","NORMAL","NORMAL"
"79","Elizabeth Watson ","MID"," Mid Court to Goal (thin)",22,53.91,69.23,68.24,62.42,61.27,71.19,0.209487131434184,0.363642561610579,-0.228890612734778,0.111987716459603,-0.109493598430044,0.711815718475485,"NORMAL","NORMAL","NORMAL","NORMAL","NORMAL","NORMAL"
"80","Elizabeth Watson ","MID"," Sprints",3,116.31,0,0,59.39,0,0,0.289920552556381,NA,NA,0.672130037896777,-0.301511344577764,-0.527110602518357,"NORMAL","NORMAL","NORMAL","NORMAL","NORMAL","NORMAL"
"81","Elizabeth Watson ","MID"," Specialist Drill",19,54.3,55.77,24.71,30.3,42.54,53.84,0.800658632560926,0.642465245218556,-1.00884817954032,-0.865713130636276,-0.0598388554894929,0.440350906263163,"NORMAL","NORMAL","NORMAL","NORMAL","NORMAL","NORMAL"
"82","Elizabeth Watson ","MID"," Suicides",2,157.42,0,77.65,120,62.86,225.74,-0.116619356085682,-0.277350098112615,-0.502936374489329,-0.620123311122135,-0.152076896594031,1.24741614118364,"NORMAL","NORMAL","NORMAL","NORMAL","NORMAL","NORMAL"
"83","Elizabeth Watson ","MID"," Throw In",31,61.43,65.38,35.29,29.7,30.79,33.88,0.0705250090788129,1.90487634601073,-0.0616695884778096,-0.459977220282076,-0.0325375745793704,-0.209540020683917,"NORMAL","HIGH","NORMAL","NORMAL","NORMAL","NORMAL"
"84","Elle McDonald ","MID"," 20 Point Thrown In",34,77.77,60.33,106.47,79.7,95.37,77.6,-0.781302817745381,-0.507198105603806,0.711430732767865,-0.410462369900817,0.328494316960837,-1.10447302807927,"NORMAL","NORMAL","NORMAL","NORMAL","NORMAL","NORMAL"
"85","Elle McDonald ","MID"," 3v3",35,41.43,35.94,55.66,30.08,40.76,44.65,-0.724508450813888,-0.647100901402642,1.01359310612167,-1.18223324429424,-0.390268097958635,-0.142264871316806,"NORMAL","NORMAL","NORMAL","NORMAL","NORMAL","NORMAL"
"86","Elle McDonald ","MID"," Circle Entry",8,34.55,106.55,44.77,23.06,19.79,32.02,-0.819800161573451,2.21246632766037,-0.215761739750401,-1.10487562997455,-1.21930942507927,-1.36747174152494,"NORMAL","HIGH","NORMAL","NORMAL","NORMAL","NORMAL"
"87","Elle McDonald ","MID"," Full Court Transition",18,66.28,61.62,88.32,76.19,49.07,60.52,1.11640871364072,0.652709321736461,2.10092422457216,1.6262891705946,1.08158667141287,1.24190420281049,"NORMAL","NORMAL","HIGH","HIGH","NORMAL","NORMAL"
"88","Elle McDonald ","MID"," Half Court Transitition",14,60.35,44.93,158.5,62.16,114.76,63.49,0.0652267172107133,-0.379001605204951,2.29010761247044,0.0619892054474542,0.940656267107405,-0.133632805122317,"NORMAL","NORMAL","HIGH","NORMAL","NORMAL","NORMAL"
"89","Elle McDonald ","MID"," 2v2",11,41.05,23.11,53.24,44.11,38.39,46.51,-0.968653806250241,-0.78333806352215,-0.569964562514905,-0.773257209633334,-0.954808590973006,-1.03004620031353,"NORMAL","NORMAL","NORMAL","NORMAL","NORMAL","NORMAL"
"90","Elle McDonald ","MID"," 3 Feed and Shoot Drill",11,25.04,68.04,21.78,4.51,10.29,21.16,-1.2006804760575,-0.49956927579777,-0.770680728065277,-0.89558988302312,-1.34873127284817,-0.998786580019394,"NORMAL","NORMAL","NORMAL","NORMAL","NORMAL","NORMAL"
"91","Elle McDonald ","MID"," MAS",18,123.53,0,0,24.06,9.1,1.3,-1.13569620448531,NA,-0.391276401369527,0.41894545560736,1.70133880885459,-0.528371813452178,"NORMAL","NORMAL","NORMAL","NORMAL","HIGH","NORMAL"
"92","Elle McDonald ","MID"," Match Sim",49,80.31,73.17,102.84,86.22,82.31,72.22,-0.294963395311909,-0.295440926394128,1.43296909367788,0.149648900596167,0.0509285135847632,-0.872127847356836,"NORMAL","NORMAL","NORMAL","NORMAL","NORMAL","NORMAL"
"93","Elle McDonald ","MID"," Mid Court to Goal (thin)",22,54.7,57.77,146.4,54.14,87.06,76.02,0.283755568457223,-0.303310293453262,1.57849348809198,-0.305226363308906,1.1809130596861,1.06662169579608,"NORMAL","NORMAL","HIGH","NORMAL","NORMAL","NORMAL"
"94","Elle McDonald ","MID"," Conditioning",25,103.95,0,0,19.55,1.58,0.37,-1.16961017292109,-1.49429605535755,-0.569431864843248,-0.187433959237235,-1.03887752212831,-0.806857125891569,"NORMAL","NORMAL","NORMAL","NORMAL","NORMAL","NORMAL"
"95","Elle McDonald ","MID"," Defensive Technique",30,39.54,97.56,55.66,36.59,45.9,37.5,-0.558744324584748,1.00291367414183,0.577445043307856,-0.1535881526328,-0.102494609376902,-0.853048607930081,"NORMAL","NORMAL","NORMAL","NORMAL","NORMAL","NORMAL"
"96","Elle McDonald ","MID"," End to End",10,64.68,209.24,64.13,71.18,79.15,77.14,-0.953208657416775,0.697899939323768,0.0898500715042012,-0.626549098780573,-0.234185732694839,-0.322585960089685,"NORMAL","NORMAL","NORMAL","NORMAL","NORMAL","NORMAL"
"97","Elle McDonald ","MID"," Finisher",7,52.16,88.58,10.89,32.08,21.76,36.29,-1.46248662619703,0.653879409368625,-1.33814919419335,-1.20127505759461,-0.975835338660142,-1.57221280069284,"NORMAL","NORMAL","NORMAL","NORMAL","NORMAL","LOW"
"98","Elle McDonald ","MID"," Footwork Drill",19,54.23,103.98,94.37,83.21,58.96,57.37,-0.893564400581512,0.197128284138026,0.366383123035824,0.293913009172896,-0.243574941169504,-1.22721461845022,"NORMAL","NORMAL","NORMAL","NORMAL","NORMAL","NORMAL"
"99","Elle McDonald ","MID"," Warm Up",8,42.27,106.55,6.05,32.58,20.58,9.28,-1.58492217844152,-0.257707403912152,-1.05147216849247,-1.10474385868984,-0.696934034744056,-1.64975467106089,"LOW","NORMAL","NORMAL","NORMAL","NORMAL","LOW"
"100","Elle McDonald ","MID"," Zone",42,34.55,33.38,52.03,38.1,47.09,35.27,-1.18854238681733,-0.650323143443548,1.00388096821897,-0.822310670870241,0.313393452176236,-0.787086204580454,"NORMAL","NORMAL","NORMAL","NORMAL","NORMAL","NORMAL"
"101","Elle McDonald ","MID"," Intercept",8,36.34,8.99,31.46,55.64,36.01,25.43,-1.71071530703822,-1.16286745728568,-1.23510269163595,-1.09749167601409,-0.987833153776356,-2.36860036208917,"LOW","NORMAL","NORMAL","NORMAL","NORMAL","LOW"
"102","Elle McDonald ","MID"," Long Line Passing",14,57.06,51.35,45.98,57.64,39.97,55.69,0.630176588171076,1.37343314702943,-0.0116286416194241,-0.464153814483001,0.876383216768519,1.34211958688358,"NORMAL","NORMAL","NORMAL","NORMAL","NORMAL","NORMAL"
"103","Elle McDonald ","MID"," Specialist Drill",19,53.1,30.81,66.55,48.62,61.34,66,0.678084788910775,-0.798917059756325,1.18441574713768,0.456790007223476,1.47153457714213,1.36639415838609,"NORMAL","NORMAL","NORMAL","NORMAL","NORMAL","NORMAL"
"104","Elle McDonald ","MID"," Sprints",3,90.01,0,0,49.12,0,0,-1.06310438460382,NA,NA,0.249965407733323,-0.301511344577764,-0.527110602518357,"NORMAL","NORMAL","NORMAL","NORMAL","NORMAL","NORMAL"
"105","Elle McDonald ","MID"," Passing Drill",10,67.88,84.72,62.92,83.21,66.48,70.18,-1.09128515199577,-0.132461041437764,-0.823439471349571,-0.155915310099608,-1.05132482939195,-1.86074617847317,"NORMAL","NORMAL","NORMAL","NORMAL","NORMAL","LOW"
"106","Elle McDonald ","MID"," Throw In",49,40.77,15.4,44.77,21.55,13.06,21.16,-1.65772379916823,-1.05500493357079,0.477348857196324,-0.961619901588159,-1.54760536544787,-1.42063886095978,"LOW","NORMAL","NORMAL","NORMAL","LOW","NORMAL"
"107","Elle McDonald ","MID"," Suicides",8,45.76,0,7.26,29.07,15.43,17.45,-2.31909561040333,-0.277350098112615,-0.830897998829411,-1.07945419535875,-0.891464167299863,-1.91663171190978,"LOW","NORMAL","NORMAL","NORMAL","NORMAL","LOW"
"108","Emily Mannix ","DEF"," 2v1 Open Space",2,171.02,65.44,227.35,195.59,160.89,197.55,0.393489936868157,0.0215110662153609,0.621342267482819,0.56772508381215,-0.18339388842444,0.854250450149367,"NORMAL","NORMAL","NORMAL","NORMAL","NORMAL","NORMAL"
"109","Emily Mannix ","DEF"," 15 on",17,221.02,0,0,37.13,4.84,10.58,0.0532324188291151,NA,NA,0.26872875244737,-0.150782239330556,0.246223954809649,"NORMAL","NORMAL","NORMAL","NORMAL","NORMAL","NORMAL"
"110","Emily Mannix ","DEF"," 20 Point Thrown In",34,96.61,62.5,111.11,105.15,87.9,104.9,1.02502250883739,-0.425300651242599,0.880610652819264,0.414091052940433,-0.0695998666370622,1.0294345208637,"NORMAL","NORMAL","NORMAL","NORMAL","NORMAL","NORMAL"
"111","Emily Mannix ","DEF"," Footwork Drill",15,78.46,84.56,64.1,73.9,62.9,76.95,1.08228408364546,-0.274080067290201,-0.523494455369275,-0.0122620357087797,-0.0848368296984522,0.374556980490711,"NORMAL","NORMAL","NORMAL","NORMAL","NORMAL","NORMAL"
"112","Emily Mannix ","DEF"," Full Court Transition",25,60.31,21.32,13.68,51.1,21.37,28.62,0.440563519748366,-1.24902720068644,-1.12087420620633,0.157477245100773,-1.4095400579222,-1.62126689352687,"NORMAL","NORMAL","NORMAL","NORMAL","NORMAL","LOW"
"113","Emily Mannix ","DEF"," Half Court Transitition",14,80.68,45.59,58.97,93.75,77.82,78.4,1.05667281881355,-0.359274392315735,-0.0893108698920862,1.18311840396945,0.00724359231475962,0.421629189594008,"NORMAL","NORMAL","NORMAL","NORMAL","NORMAL","NORMAL"
"114","Emily Mannix ","DEF"," Intercept",9,89.03,51.47,92.31,65.44,69.35,91.2,0.936886088991853,0.0526708750755815,0.84213653013703,-0.621858793491086,-0.0451970928190598,0.780390875734747,"NORMAL","NORMAL","NORMAL","NORMAL","NORMAL","NORMAL"
"115","Emily Mannix ","DEF"," Long Line Passing",14,60.44,13.97,38.46,45.96,24.6,47.44,1.05209739398519,-0.88728085404033,-0.301509475800866,-0.768323435943341,-0.398884006117363,0.590380751797443,"NORMAL","NORMAL","NORMAL","NORMAL","NORMAL","NORMAL"
"116","Emily Mannix ","DEF"," MAS",13,169.06,0,0,17.65,0,0.89,0.0817801096900111,NA,-0.391276401369527,-0.130598958535173,-0.595437033980388,-0.551293860204534,"NORMAL","NORMAL","NORMAL","NORMAL","NORMAL","NORMAL"
"117","Emily Mannix ","DEF"," Match Sim",45,83.68,61.76,57.26,72.79,77.42,79.62,-0.0351356695685204,-0.829185934109556,-0.6612188828193,-0.3724699765627,-0.248862203527262,-0.217257622045767,"NORMAL","NORMAL","NORMAL","NORMAL","NORMAL","NORMAL"
"118","Emily Mannix ","DEF"," Mid Court to Goal (thin)",22,63.58,52.94,34.19,87.5,77.82,65.14,1.11857040486809,-0.584408224514201,-1.01626815410058,1.37572311749755,0.718588223664652,0.267390011893784,"NORMAL","NORMAL","NORMAL","NORMAL","NORMAL","NORMAL"
"119","Emily Mannix ","DEF"," Passing Drill",13,97.13,83.82,99.15,82.72,89.92,92.98,0.488857184725573,-0.166188880062832,0.144591071309511,-0.173164016687563,0.122368894778465,0.0694857443191429,"NORMAL","NORMAL","NORMAL","NORMAL","NORMAL","NORMAL"
"120","Emily Mannix ","DEF"," Specialist Drill",19,43.47,27.21,34.19,33.82,33.06,43.99,-0.305570306381692,-1.00680873835847,-0.511904058486123,-0.611607724235275,-0.832042054497353,-0.309774589905495,"NORMAL","NORMAL","NORMAL","NORMAL","NORMAL","NORMAL"
"121","Emily Mannix ","DEF"," Sprints",3,107.83,0,0,47.79,0,0,-0.146339959501357,NA,NA,0.195293649396673,-0.301511344577764,-0.527110602518357,"NORMAL","NORMAL","NORMAL","NORMAL","NORMAL","NORMAL"
"122","Emily Mannix ","DEF"," Suicides",2,176.89,0,506.84,436.4,133.06,117.48,0.267423386808502,-0.277350098112615,1.49674894374508,0.978164292226195,0.942272384526555,-0.397117060486599,"NORMAL","NORMAL","NORMAL","NORMAL","NORMAL","NORMAL"
"123","Emily Mannix ","DEF"," Throw In",31,62.4,30.88,23.08,31.62,20.56,26.17,0.15166737810106,-0.138258991035336,-0.755911700469494,-0.341798821741257,-0.906713744945119,-0.943625874341693,"NORMAL","NORMAL","NORMAL","NORMAL","NORMAL","NORMAL"
"124","Emily Mannix ","DEF"," Warm Up",8,69.58,75.74,6.84,37.87,28.23,18.71,0.494127963853298,-1.36723708776611,-0.902689870746289,-0.801445383053688,-0.319181201981377,0.396829270705499,"NORMAL","NORMAL","NORMAL","NORMAL","NORMAL","NORMAL"
"125","Emily Mannix ","DEF"," Zone",42,65.14,48.53,61.54,46.32,66.13,64.14,1.65596236838481,0.271466560891685,1.80050774030121,-0.0829731029672187,2.02887347022191,1.33426236174017,"HIGH","NORMAL","HIGH","NORMAL","HIGH","NORMAL"
"126","Emily Mannix ","DEF"," 3 Feed and Shoot Drill",11,75.72,109.56,105.13,119.12,91.94,97.55,1.15702782628705,0.112443008376021,1.02529985024528,0.564194984795548,1.27425537119747,1.17688872574596,"NORMAL","NORMAL","NORMAL","NORMAL","NORMAL","NORMAL"
"127","Emily Mannix ","DEF"," 3v3",35,55.22,39.71,46.15,37.87,36.69,51.34,1.15317285627579,-0.421442690999282,0.389581954807004,-0.749747047643054,-0.979155955916442,0.836171753001298,"NORMAL","NORMAL","NORMAL","NORMAL","NORMAL","NORMAL"
"128","Emily Mannix ","DEF"," Centre Pass",17,91.12,39.71,74.36,90.44,95.56,88.31,1.31615122949796,-0.296468743978742,1.16428254285888,1.21477876913269,1.19739111663423,1.04109822532612,"NORMAL","NORMAL","NORMAL","NORMAL","NORMAL","NORMAL"
"129","Emily Mannix ","DEF"," Circle Entry",19,60.31,45.59,68.38,62.13,70.97,57.46,1.68403393624031,-0.803839203774881,1.3176264661644,0.535983624684513,1.50288035886103,1.02713337898995,"HIGH","NORMAL","NORMAL","NORMAL","HIGH","NORMAL"
"130","Emily Mannix ","DEF"," Conditioning",30,147.78,5.15,5.98,26.84,8.06,5.12,0.45847665197337,-0.876083307705428,-0.015494744621585,0.465207343030845,0.00645265541694619,-0.359933720529177,"NORMAL","NORMAL","NORMAL","NORMAL","NORMAL","NORMAL"
"131","Emily Mannix ","DEF"," Defensive Technique",30,48.56,70.59,39.32,26.84,46.77,48.66,0.672109695719733,-0.00659357003268454,-0.53290958780878,-1.0590438896657,-0.0314643378050412,0.152805521121415,"NORMAL","NORMAL","NORMAL","NORMAL","NORMAL","NORMAL"
"132","Emily Mannix ","DEF"," End to End",8,91.91,125.74,54.7,109.56,110.48,73.83,1.44474700427778,-0.706505778753905,-0.301355549558339,0.222391658874044,1.02000896907085,-0.569324152555741,"NORMAL","NORMAL","NORMAL","NORMAL","NORMAL","NORMAL"
"133","Emily Mannix ","DEF"," Finisher",9,75.2,16.18,64.1,54.04,45.97,50.45,-0.196170731543543,-1.62777743302099,0.544759557025863,-0.853913136902084,-0.326221023045043,-0.429733200378858,"NORMAL","LOW","NORMAL","NORMAL","NORMAL","NORMAL"
"134","Emily Mannix ","DEF"," 2v2",8,69.45,69.12,111.11,78.31,62.1,90.76,1.3158311711212,0.354331895526276,0.562878177996758,-0.0194405352858045,-0.0940286787308016,1.10662848391081,"NORMAL","NORMAL","NORMAL","NORMAL","NORMAL","NORMAL"
"135","Emily Mannix ","DEF"," 2v2 Open Space",5,86.95,138.24,136.75,82.72,71.77,117.15,1.66348448690987,1.42256664751094,0.638979474242756,-0.167235372456468,-0.379114304871604,2.3859286685861,"HIGH","NORMAL","NORMAL","NORMAL","NORMAL","HIGH"
"136","Jacqueline Newton ","DEF"," Suicides",2,205.17,0,118.76,153.25,112.05,185.44,0.825242019014333,-0.277350098112615,-0.311396349249653,-0.452161671389733,0.614747051245308,0.635235390885184,"NORMAL","NORMAL","NORMAL","NORMAL","NORMAL","NORMAL"
"137","Jacqueline Newton ","DEF"," End to End",10,82.18,89.78,80.07,101.78,98.47,62.95,0.587893952926769,-1.31132529518592,0.751124472324656,0.0503030946595331,0.539227661435808,-1.38035482748948,"NORMAL","NORMAL","NORMAL","NORMAL","NORMAL","NORMAL"
"138","Jacqueline Newton ","DEF"," Finisher",9,95.92,58.05,58.48,57.28,42.44,55.68,0.942634187606643,-0.308261245302022,0.345888157254167,-0.802663017455645,-0.420939673772895,-0.00775803726853807,"NORMAL","NORMAL","NORMAL","NORMAL","NORMAL","NORMAL"
"139","Jacqueline Newton ","DEF"," Specialist Drill",19,43.29,28.64,18.89,21.28,40.32,33.29,-0.323956382929215,-0.924229543802619,-1.31393412727612,-1.51685823453884,-0.240671250193865,-1.12463172787551,"NORMAL","NORMAL","NORMAL","LOW","NORMAL","NORMAL"
"140","Jacqueline Newton ","DEF"," 15 on",17,239.25,0,0,32.12,0,11.84,0.593484051538794,NA,NA,0.129067855169224,-0.420200250723224,0.428050875284467,"NORMAL","NORMAL","NORMAL","NORMAL","NORMAL","NORMAL"
"141","Jacqueline Newton ","DEF"," Sprints",3,123.68,0,0,25.15,0,0,0.669076209851845,NA,NA,-0.735359439882841,-0.301511344577764,-0.527110602518357,"NORMAL","NORMAL","NORMAL","NORMAL","NORMAL","NORMAL"
"142","Jacqueline Newton ","DEF"," Warm Up",8,71.18,76.63,6.3,34.06,25.04,12.66,0.615932439417989,-1.33518640881025,-1.00438916287659,-1.01988908667822,-0.476701664270651,-0.916196481965408,"NORMAL","NORMAL","NORMAL","NORMAL","NORMAL","NORMAL"
"143","Jacqueline Newton ","DEF"," 3v3",35,59.5,33.28,30.59,41.8,55.6,46.77,1.73594849038339,-0.806318630758859,-0.631407899499638,-0.531560814929428,1.75692989027081,0.167792773459634,"HIGH","NORMAL","NORMAL","NORMAL","HIGH","NORMAL"
"144","Jacqueline Newton ","DEF"," 2v1 Open Space",2,176.31,106.81,124.16,89.01,175.72,145.59,0.543323427314985,0.544732708153321,-0.459300030023607,-0.733641836507569,-0.0376289202064261,-0.641179502900027,"NORMAL","NORMAL","NORMAL","NORMAL","NORMAL","NORMAL"
"145","Jacqueline Newton ","DEF"," Throw In",31,78.05,16.25,23.39,42.57,34.38,40.09,1.46082003294454,-1.0046668165711,-0.738285569862006,0.332187357436855,0.274235881101279,0.381727573507366,"NORMAL","NORMAL","NORMAL","NORMAL","NORMAL","NORMAL"
"146","Jacqueline Newton ","DEF"," 3 Feed and Shoot Drill",11,23.36,6.97,0,6.97,0,14.42,-1.27883655237832,-1.39975208395031,-1.23998435128788,-0.864256921022999,-1.67929505199366,-1.19074955371829,"NORMAL","NORMAL","NORMAL","NORMAL","LOW","NORMAL"
"147","Jacqueline Newton ","DEF"," Defensive Technique",23,51.39,37.93,34.19,30.96,55.6,40.79,1.05828673313234,-1.22908176412759,-0.881509297577957,-0.676430798734877,0.689452096654187,-0.556519926516154,"NORMAL","NORMAL","NORMAL","NORMAL","NORMAL","NORMAL"
"148","Jacqueline Newton ","DEF"," Full Court Transition",15,60.19,21.67,15.29,30.57,13.16,25.79,0.426978691730428,-1.2325108785314,-1.05137935795401,-1.04438440617018,-2.1478848394327,-1.87527235442451,"NORMAL","NORMAL","NORMAL","NORMAL","LOW","LOW"
"149","Jacqueline Newton ","DEF"," 2v2 Open Space",6,67.89,20.9,48.58,69.27,94.65,58.61,0.158415524058313,-1.29507742498357,-1.07160690274666,-0.390109647410838,0.400987797107018,-0.902679875357162,"NORMAL","NORMAL","NORMAL","NORMAL","NORMAL","NORMAL"
"150","Jacqueline Newton ","DEF"," Conditioning",30,154.46,9.29,1.8,15.48,5.09,5.04,0.706608524898193,-0.379112283379255,-0.402694939024018,-0.551802971614613,-0.472657009291298,-0.367460851566859,"NORMAL","NORMAL","NORMAL","NORMAL","NORMAL","NORMAL"
"151","Jacqueline Newton ","DEF"," Footwork Drill",20,66.24,42.57,35.99,59.98,70.46,46.65,0.0857975596151857,-1.29292860881807,-1.34987234532525,-0.47004470216989,0.219746957794226,-2.10418047854454,"NORMAL","NORMAL","NORMAL","NORMAL","NORMAL","LOW"
"152","Jacqueline Newton ","DEF"," MAS",12,184.28,0,0,12.38,3.4,4.69,0.488764284997466,NA,-0.391276401369527,-0.582408484671077,0.262698995210705,-0.338845622011965,"NORMAL","NORMAL","NORMAL","NORMAL","NORMAL","NORMAL"
"153","Jacqueline Newton ","DEF"," Half Court Transitition",14,76.82,37.15,31.49,61.53,108.23,68.81,0.868429732134409,-0.611543599565718,-0.746262742647258,0.0396305034826283,0.775653972402587,0.0644888455745878,"NORMAL","NORMAL","NORMAL","NORMAL","NORMAL","NORMAL"
"154","Jacqueline Newton ","DEF"," Intercept",9,60.6,17.8,49.48,68.11,54.75,50.76,-0.491683045362579,-0.910774879411326,-0.619953130808523,-0.492273099987369,-0.457989129111097,-1.15582937145393,"NORMAL","NORMAL","NORMAL","NORMAL","NORMAL","NORMAL"
"155","Jacqueline Newton ","DEF"," Long Line Passing",14,46.31,3.87,17.09,31.73,11.88,18.17,-0.711731300143035,-1.49812118070712,-1.12527987825531,-1.1388999524999,-1.45427756988499,-2.07669751522936,"NORMAL","NORMAL","NORMAL","NORMAL","NORMAL","LOW"
"156","Jacqueline Newton ","DEF"," Centre Pass",12,34.63,0,0,3.48,0,3.99,-1.0868072231446,-1.32597271077644,-1.2893126447996,-1.43399471952434,-1.44685646819951,-1.41285345873684,"NORMAL","NORMAL","NORMAL","NORMAL","NORMAL","NORMAL"
"157","Jacqueline Newton ","DEF"," Circle Entry",15,45.07,30.19,30.59,31.73,33.53,40.44,0.202728359738692,-1.56583239905216,-1.1367039150944,-0.740753548124177,-0.48849880313047,-0.574917688272766,"NORMAL","LOW","NORMAL","NORMAL","NORMAL","NORMAL"
"158","Jacqueline Newton ","DEF"," Passing Drill",14,95.78,40.25,55.78,80.5,92.53,77.83,0.415927538415357,-1.79899102327859,-1.01421336245048,-0.251311217963608,0.253057487785495,-1.21310257279943,"NORMAL","LOW","NORMAL","NORMAL","NORMAL","NORMAL"
"159","Jacqueline Newton ","DEF"," Match Sim",44,109.11,45.67,54.88,66.18,109.51,82.76,1.92552280688678,-1.58185527452509,-0.770568759608753,-0.629447324144242,1.71847606071096,0.0606197438294708,"HIGH","LOW","NORMAL","NORMAL","HIGH","NORMAL"
"160","Jacqueline Newton ","DEF"," Mid Court to Goal (thin)",22,52.77,34.83,72.87,59.21,74.28,44.78,0.102314956489546,-1.63837997016919,-0.121825766434523,-0.049758321711522,0.54146377350059,-1.22823104364397,"NORMAL","LOW","NORMAL","NORMAL","NORMAL","NORMAL"
"161","Joanna Weston ","DEF"," Mid Court to Goal (thin)",22,60.24,60.36,87.63,87.66,47.64,71,0.804574734416256,-0.152576620275658,0.219486788941667,1.38378522531917,-0.791472766717096,0.697858547524986,"NORMAL","NORMAL","NORMAL","NORMAL","NORMAL","NORMAL"
"162","Joanna Weston ","DEF"," Passing Drill",12,83.28,79.28,146.39,118.18,86.22,95.36,-0.259346964457013,-0.336327088238171,1.40679816033007,1.07507911720818,-0.0628984592928029,0.270974866084305,"NORMAL","NORMAL","NORMAL","NORMAL","NORMAL","NORMAL"
"163","Joanna Weston ","DEF"," End to End",6,75.96,90.99,60.82,117.53,85.83,65.94,0.0401420537075197,-1.29097402669641,-0.0474660054541239,0.398682900106646,0.033226351818242,-1.15747047840383,"NORMAL","NORMAL","NORMAL","NORMAL","NORMAL","NORMAL"
"164","Joanna Weston ","DEF"," Finisher",9,75.77,60.36,120.62,207.14,50.39,73.58,-0.164842603941438,-0.235462525606994,2.54479719316399,1.56781318632312,-0.20762146604303,1.4364781806425,"NORMAL","NORMAL","HIGH","HIGH","NORMAL","NORMAL"
"165","Joanna Weston ","DEF"," Footwork Drill",17,66.67,92.79,136.08,132.47,57.09,82.66,0.120862142702995,-0.0743867237137688,1.59257386618999,1.91391115212363,-0.318915110827084,0.841672191417815,"NORMAL","NORMAL","HIGH","HIGH","NORMAL","NORMAL"
"166","Joanna Weston ","DEF"," Full Court Transition",18,56.38,35.14,60.82,55.19,35.43,52.43,-0.00433959783906321,-0.59686842302181,0.913900419020063,0.396912907726112,-0.145090894945629,0.515789652046563,"NORMAL","NORMAL","NORMAL","NORMAL","NORMAL","NORMAL"
"167","Joanna Weston ","DEF"," Half Court Transitition",14,64.09,49.55,28.87,40.26,68.11,98.35,0.24761768720553,-0.240911114980435,-0.808897892087525,-0.715241862853643,-0.238112040393323,1.1645853797074,"NORMAL","NORMAL","NORMAL","NORMAL","NORMAL","NORMAL"
"168","Joanna Weston ","DEF"," Intercept",9,69.04,49.55,56.7,118.83,59.84,82.56,-0.067584434952751,-0.00226871056786565,-0.37348366193094,1.96936973690721,-0.31407738495175,0.36671770719592,"NORMAL","NORMAL","NORMAL","HIGH","NORMAL","NORMAL"
"169","Joanna Weston ","DEF"," Long Line Passing",14,49.75,23.42,84.54,142.21,18.5,31.99,-0.28232077588252,-0.315752033545167,1.47478159322584,1.73821132994345,-0.905008278049952,-0.817421066636588,"NORMAL","NORMAL","NORMAL","HIGH","NORMAL","NORMAL"
"170","Joanna Weston ","DEF"," MAS",12,159.74,0,0,25.97,0,9.08,-0.167437532482491,NA,-0.391276401369527,0.582694259197412,-0.595437033980388,-0.0934119994684434,"NORMAL","NORMAL","NORMAL","NORMAL","NORMAL","NORMAL"
"171","Joanna Weston ","DEF"," Match Sim",47,81.6,68.47,92.78,89.61,71.26,90.4,-0.195504117505093,-0.515300833165602,0.970759110273719,0.281442124242374,-0.626512677435254,0.736729003474953,"NORMAL","NORMAL","NORMAL","NORMAL","NORMAL","NORMAL"
"172","Joanna Weston ","DEF"," Centre Pass",17,68.84,48.65,55.67,56.49,81.5,77.19,0.368409782783918,-0.0646942422620099,0.547584128962471,0.180672744064772,0.808335852478073,0.717474616137549,"NORMAL","NORMAL","NORMAL","NORMAL","NORMAL","NORMAL"
"173","Joanna Weston ","DEF"," Circle Entry",18,50.35,70.27,53.61,61.04,47.64,60.99,0.715936590967601,0.417329111773382,0.358365822311728,0.490205877369991,0.261991580835878,1.35940366497334,"NORMAL","NORMAL","NORMAL","NORMAL","NORMAL","NORMAL"
"174","Joanna Weston ","DEF"," Conditioning",22,100.89,20.72,7.22,22.73,7.09,6.19,-1.28327537219503,0.992959892477789,0.0993684709427732,0.0972573084187998,-0.150024238443995,-0.259258342900175,"NORMAL","NORMAL","NORMAL","NORMAL","NORMAL","NORMAL"
"175","Joanna Weston ","DEF"," Defensive Technique",30,43.03,56.76,57.73,51.95,45.67,56.45,-0.0825047978815729,-0.524260799804043,0.71810808409191,1.27285288540057,-0.121272727148773,0.854920544894817,"NORMAL","NORMAL","NORMAL","NORMAL","NORMAL","NORMAL"
"176","Joanna Weston ","DEF"," 20 Point Thrown In",34,81.4,61.26,76.29,99.35,54.33,83.59,-0.433268797814624,-0.47209919659186,-0.388967971359552,0.226177109817476,-1.85862553509509,-0.636264009098746,"NORMAL","NORMAL","NORMAL","NORMAL","LOW","NORMAL"
"177","Joanna Weston ","DEF"," 2v1 Open Space",2,145.99,0,130.93,137.66,266.54,131.06,-0.315457561408609,-0.806132739644444,-0.388402187654012,-0.139613869970186,0.855046360546104,-1.05935881810033,"NORMAL","NORMAL","NORMAL","NORMAL","NORMAL","NORMAL"
"178","Joanna Weston ","DEF"," 2v2",11,69.44,127.03,126.8,108.44,72.83,100.83,1.3150267750024,1.78624816000127,0.870020092609303,0.644667546529724,0.29551870458252,1.59287286967667,"NORMAL","HIGH","NORMAL","NORMAL","NORMAL","HIGH"
"179","Joanna Weston ","DEF"," 2v2 Open Space",6,60.34,114.41,95.88,76.62,79.92,70.59,-0.437768666368196,0.870653759769812,-0.153939491704363,-0.268315898643952,-0.101237026413309,-0.229677990211274,"NORMAL","NORMAL","NORMAL","NORMAL","NORMAL","NORMAL"
"180","Joanna Weston ","DEF"," 3 Feed and Shoot Drill",11,75.87,212.61,90.72,193.51,79.13,81.32,1.16400604738712,1.6314185836195,0.714800988416182,1.51169866088865,0.862737197159204,0.714639606586758,"NORMAL","HIGH","NORMAL","HIGH","NORMAL","NORMAL"
"181","Joanna Weston ","DEF"," 3v3",35,50.84,33.33,35.05,62.99,44.88,55.21,0.556780969034832,-0.803325816297276,-0.338759136632824,0.644868261712238,0.205854254568678,1.40217320832433,"NORMAL","NORMAL","NORMAL","NORMAL","NORMAL","NORMAL"
"182","Joanna Weston ","DEF"," Specialist Drill",19,36.1,30.63,41.24,24.03,24.02,47.27,-1.05837799613304,-0.809311643686432,-0.142341183651517,-1.31833838578806,-1.56840459869894,-0.0599866074249669,"NORMAL","NORMAL","NORMAL","NORMAL","LOW","NORMAL"
"183","Joanna Weston ","DEF"," Throw In",31,60.73,33.33,75.26,59.09,22.44,40.25,0.0119686602998712,0.00683322855199339,2.21096409017146,1.34901399488182,-0.746063578739097,0.396961521183792,"NORMAL","NORMAL","HIGH","NORMAL","NORMAL","NORMAL"
"184","Joanna Weston ","DEF"," Warm Up",8,55,121.62,8.25,67.53,37.01,15.27,-0.615815319729947,0.284993418407849,-0.63714171907273,0.899090115503659,0.1143704152286,-0.349750661391678,"NORMAL","NORMAL","NORMAL","NORMAL","NORMAL","NORMAL"
"185","Joanna Weston ","DEF"," Suicides",2,168.55,0,476.29,470.78,77.95,176.88,0.102918174906217,-0.277350098112615,1.35441015096784,1.15183410197056,0.0831614317835993,0.505203946156778,"NORMAL","NORMAL","NORMAL","NORMAL","NORMAL","NORMAL"
"186","Joanna Weston ","DEF"," Sprints",3,90.21,0,0,42.21,0,0,-1.05281522158359,NA,NA,-0.0340810961059635,-0.301511344577764,-0.527110602518357,"NORMAL","NORMAL","NORMAL","NORMAL","NORMAL","NORMAL"
"187","Joanna Weston ","DEF"," Zone",42,51.93,67.57,58.76,42.86,42.13,70.28,0.427590095870257,1.42994022231365,1.56763471965046,-0.394178453933698,-0.133496300423897,1.78542551370444,"NORMAL","NORMAL","HIGH","NORMAL","NORMAL","HIGH"
"188","Jordan Cransberg ","MID"," Match Sim",39,61.78,58.7,28.48,42.74,42.44,67.36,-1.72363038582377,-0.972328767028856,-1.98352537609681,-1.54072554310209,-2.39337739464764,-1.3022182926287,"LOW","NORMAL","LOW","LOW","LOW","NORMAL"
"189","Jordan Cransberg ","MID"," Suicides",5,96.11,0,0,0,7.35,10.81,-1.32594963686855,-0.277350098112615,-0.864723846147339,-1.22630065752479,-1.01742345777642,-2.01749722511032,"NORMAL","NORMAL","NORMAL","NORMAL","NORMAL","LOW"
"190","Jordan Cransberg ","MID"," MAS",16,178.56,0,0,1.91,0,0.75,0.335810968127647,NA,-0.391276401369527,-1.48002627188985,-0.595437033980388,-0.559120900558998,"NORMAL","NORMAL","NORMAL","NORMAL","NORMAL","NORMAL"
"191","Jordan Cransberg ","MID"," 2v2 Open Space",9,38.34,44.53,40.87,42.74,33.42,49.96,-2.17499412191564,-0.747796621906652,-1.22118863084679,-0.829727083436075,-1.68667180534713,-1.38861195436484,"LOW","NORMAL","NORMAL","NORMAL","LOW","NORMAL"
"192","Jordan Cransberg ","MID"," Centre Pass",12,55.82,68.83,11.15,5.74,37.43,37.53,-0.185431942360464,0.458483547966587,-0.921405351330102,-1.36515585010892,-0.411128264972983,-0.436744119511605,"NORMAL","NORMAL","NORMAL","NORMAL","NORMAL","NORMAL"
"193","Jordan Cransberg ","MID"," Circle Entry",25,32.18,48.58,43.34,37.64,23.73,45.86,-1.05016067445461,-0.655893771704812,-0.308635315966333,-0.492545762226172,-1.00974655386542,-0.0647463143265901,"NORMAL","NORMAL","NORMAL","NORMAL","NORMAL","NORMAL"
"194","Jordan Cransberg ","MID"," Footwork Drill",14,40.91,0,128.79,28.07,5.01,58.91,-1.97975102088293,-2.32585031429179,1.3782624176742,-1.51945884633469,-2.41715898022109,-1.10123258257846,"LOW","LOW","NORMAL","LOW","LOW","NORMAL"
"195","Jordan Cransberg ","MID"," Intercept",10,90.25,137.65,96.59,80.38,64.83,103.9,0.998189442629293,2.51865706817572,0.988243085094932,0.103238682518478,-0.172992983506732,1.38845213041566,"NORMAL","HIGH","NORMAL","NORMAL","NORMAL","NORMAL"
"196","Kadie Ann Dehaney ","DEF"," Footwork Drill",14,78.52,102.38,68.6,70,85.06,80.49,1.08717681616934,0.1583057629081,-0.391203437766931,-0.140520110363832,0.807964325174266,0.664152049962155,"NORMAL","NORMAL","NORMAL","NORMAL","NORMAL","NORMAL"
"197","Kadie Ann Dehaney ","DEF"," Intercept",10,111.28,34.52,112.79,84.35,184.48,91.14,2.05491856311729,-0.432342654432975,1.5412632230197,0.2959185339079,3.20992257418794,0.777518145397672,"HIGH","NORMAL","HIGH","NORMAL","HIGH","NORMAL"
"198","Kadie Ann Dehaney ","DEF"," Finisher",4,122.42,65.48,31.4,130.43,125.29,80.49,2.39911731296764,-0.0741077875816512,-0.612374744136853,0.354419154614399,1.80213120804086,1.99400177090872,"HIGH","NORMAL","NORMAL","NORMAL","HIGH","HIGH"
"199","Kadie Ann Dehaney ","DEF"," 15 on",12,194.36,0,0,14.78,0,3.21,-0.736844845462714,NA,NA,-0.354309382116812,-0.420200250723224,-0.817319222888294,"NORMAL","NORMAL","NORMAL","NORMAL","NORMAL","NORMAL"
"200","Kadie Ann Dehaney ","DEF"," 2v1 Open Space",2,199.19,283.33,0,62.17,410.92,213.99,1.19137451643094,2.77724622603799,-1.75954760884324,-1.06136456254793,2.27416612530112,1.32740034291557,"NORMAL","HIGH","LOW","NORMAL","HIGH","NORMAL"
"201","Kadie Ann Dehaney ","DEF"," Zone",42,56.64,11.9,27.91,46.52,31.61,42.11,0.865563858439792,-1.95725666483766,-1.01658567138396,-0.0649843543564393,-1.08133504989031,-0.284487514118624,"NORMAL","LOW","NORMAL","NORMAL","NORMAL","NORMAL"
"202","Kadie Ann Dehaney ","DEF"," Match Sim",40,85.5,77.38,66.28,83.04,85.63,87.68,0.10518672237598,-0.0985025843711707,-0.246792038852548,0.0260198589457432,0.254467405366343,0.496019947684938,"NORMAL","NORMAL","NORMAL","NORMAL","NORMAL","NORMAL"
"203","Kadie Ann Dehaney ","DEF"," Specialist Drill",20,70.2,35.71,40.7,45.65,43.1,76.77,2.42476206092544,-0.515953386103404,-0.17064812725587,0.242388570572632,-0.0142234766451465,2.18658213744563,"HIGH","NORMAL","NORMAL","NORMAL","NORMAL","HIGH"
"204","Kadie Ann Dehaney ","DEF"," MAS",13,116.38,0,0,17.39,0,1.03,-1.32688785057259,NA,-0.391276401369527,-0.152889371589316,-0.595437033980388,-0.543466819850071,"NORMAL","NORMAL","NORMAL","NORMAL","NORMAL","NORMAL"
"205","Kadie Ann Dehaney ","DEF"," Sprints",3,115.97,0,0,56.52,0,0,0.27242897542199,NA,NA,0.554154138328217,-0.301511344577764,-0.527110602518357,"NORMAL","NORMAL","NORMAL","NORMAL","NORMAL","NORMAL"
"206","Kadie Ann Dehaney ","DEF"," Throw In",49,60.67,7.14,16.28,23.91,23.56,22.98,0.00694954469024804,-1.5441729881795,-1.14254940411761,-0.816358953381735,-0.65035709674402,-1.24735270614044,"NORMAL","LOW","NORMAL","NORMAL","NORMAL","NORMAL"
"207","Kadie Ann Dehaney ","DEF"," Defensive Technique",23,53.02,47.62,44.19,35.65,70.11,60.72,1.28071379001663,-0.866377826565446,-0.201977699587359,-0.240883372408281,1.87410639608832,1.23977691864481,"NORMAL","NORMAL","NORMAL","NORMAL","HIGH","NORMAL"
"208","Kadie Ann Dehaney ","DEF"," 2v2 Open Space",5,64.83,34.52,67.44,37.83,83.33,76.89,-0.0832167438496502,-0.979632459350576,-0.705703998470599,-0.911088621727968,0.0150281907085044,0.124237859239401,"NORMAL","NORMAL","NORMAL","NORMAL","NORMAL","NORMAL"
"209","Kadie Ann Dehaney ","DEF"," Passing Drill",9,130.2,78.57,102.33,90.87,124.14,105.91,2.27536340952472,-0.362934605375725,0.229557594236805,0.113727735744765,1.83584155864841,1.16413042685005,"HIGH","NORMAL","NORMAL","NORMAL","HIGH","NORMAL"
"210","Kadie Ann Dehaney ","DEF"," Warm Up",8,78.79,83.33,22.09,43.91,40.23,21.95,1.19526497632255,-1.09390601667064,1.96937347182235,-0.455146178357586,0.273372261175767,1.10000339279702,"NORMAL","NORMAL","HIGH","NORMAL","NORMAL","NORMAL"
"211","Kadie Ann Dehaney ","DEF"," Conditioning",28,131.01,21.43,4.65,14.78,11.49,4.88,-0.164453214635804,1.07818922273663,-0.138694806476905,-0.614470860721288,0.559767857420069,-0.382515113642224,"NORMAL","NORMAL","NORMAL","NORMAL","NORMAL","NORMAL"
"212","Kadie Ann Dehaney ","DEF"," Centre Pass",12,35.3,0,0,0,0,4.36,-1.05830691931612,-1.32597271077644,-1.2893126447996,-1.53999439455339,-1.44685646819951,-1.40208540699225,"NORMAL","NORMAL","NORMAL","LOW","NORMAL","NORMAL"
"213","Kadie Ann Dehaney ","DEF"," Circle Entry",19,52.08,46.43,51.16,50.43,79.89,57.12,0.884090045517982,-0.762275938577939,0.199246758165549,0.0446078048864315,1.97732218912183,0.995130008668601,"NORMAL","NORMAL","NORMAL","NORMAL","HIGH","NORMAL"
"214","Kate Eddy ","DEF"," Mid Court to Goal (thin)",22,53.2,51.21,23.87,70.4,78.33,56.16,0.142739548793225,-0.685091334397312,-1.25490945298149,0.514085344062587,0.744106152925576,-0.392269962503519,"NORMAL","NORMAL","NORMAL","NORMAL","NORMAL","NORMAL"
"215","Kate Eddy ","DEF"," Circle Entry",18,48.21,71.12,40.15,75.87,59.26,42.8,0.507931739674066,0.459387177746479,-0.515814832140337,1.11303522844739,0.880042485278753,-0.352776647218712,"NORMAL","NORMAL","NORMAL","NORMAL","NORMAL","NORMAL"
"216","Kate Eddy ","DEF"," Specialist Drill",19,43.21,30.35,28.21,54,37.3,38.89,-0.332127972505891,-0.825480996466599,-0.825377248771363,0.845167020415915,-0.486668471818732,-0.698164440713632,"NORMAL","NORMAL","NORMAL","NORMAL","NORMAL","NORMAL"
"217","Kate Eddy ","DEF"," Passing Drill",12,77.78,62.59,66.2,80.66,80.81,85.71,-0.556467745720857,-0.96179111785192,-0.735801045185569,-0.245678987241011,-0.333789374299711,-0.545987329308056,"NORMAL","NORMAL","NORMAL","NORMAL","NORMAL","NORMAL"
"218","Kate Eddy ","DEF"," Sprints",3,90.69,0,0,66.99,13.68,46.06,-1.02812123033504,NA,NA,0.984540085534777,3.01511344577764,1.86530951637397,"NORMAL","NORMAL","NORMAL","NORMAL","HIGH","HIGH"
"219","Kate Eddy ","DEF"," Centre Pass",17,61.53,28.45,48.83,59.47,95.73,56.6,0.0574587066851904,-0.58839054368013,0.321890327408087,0.271442580727581,1.20209519877552,0.118247087972746,"NORMAL","NORMAL","NORMAL","NORMAL","NORMAL","NORMAL"
"220","Kate Eddy ","DEF"," Throw In",31,58.83,30.35,31.47,47.85,28.6,34,-0.146970000671541,-0.169646287517492,-0.27886900435072,0.657177953424108,-0.219677927766173,-0.198114559926598,"NORMAL","NORMAL","NORMAL","NORMAL","NORMAL","NORMAL"
"221","Kate Eddy ","DEF"," Zone",42,46.44,44.57,31.47,60.15,59.68,38.78,-0.0829143534942324,0.0305235094614856,-0.718374177313217,1.16094886346816,1.44773659436085,-0.529173718685568,"NORMAL","NORMAL","NORMAL","NORMAL","NORMAL","NORMAL"
"222","Kate Eddy ","DEF"," Suicides",2,166.59,0,0,225.56,54.7,179.02,0.0642574776246245,-0.277350098112615,-0.864723846147339,-0.0868893054032675,-0.279283308758475,0.53771180733888,"NORMAL","NORMAL","NORMAL","NORMAL","NORMAL","NORMAL"
"223","Kate Eddy ","DEF"," Defensive Technique",30,42.69,72.07,46.66,54.68,49.32,40.3,-0.128900625697928,0.0488039353947634,-0.0341333948836818,1.52638049176979,0.176727837491791,-0.600683772684186,"NORMAL","NORMAL","NORMAL","HIGH","NORMAL","NORMAL"
"224","Kate Eddy ","DEF"," Warm Up",8,57.37,118.54,11.94,49.9,40.61,18.47,-0.435392440299749,0.174076462021279,0.0578034438176488,-0.111713688932148,0.292136454175743,0.344742298698718,"NORMAL","NORMAL","NORMAL","NORMAL","NORMAL","NORMAL"
"225","Kate Eddy ","DEF"," 3v3",35,48.83,40.78,24.96,64.25,55.53,37.15,0.283094281054393,-0.357396461521405,-1.00082775038308,0.714821099681492,1.7468015978735,-1.23916691651647,"NORMAL","NORMAL","NORMAL","NORMAL","HIGH","NORMAL"
"226","Kate Eddy ","DEF"," 2v2",11,60.28,33.19,67.28,102.53,76.67,63.11,0.578199930188235,-0.534094134219648,-0.29512246683867,0.514402735260896,0.434928019766411,-0.228491403519765,"NORMAL","NORMAL","NORMAL","NORMAL","NORMAL","NORMAL"
"227","Kate Eddy ","DEF"," 15 on",17,174.4,0,0,8.2,0,1.96,-1.32836555796327,NA,NA,-0.537736269160764,-0.420200250723224,-0.997703072565692,"NORMAL","NORMAL","NORMAL","NORMAL","NORMAL","NORMAL"
"228","Kate Eddy ","DEF"," 20 Point Thrown In",34,84.13,53.11,57.51,100.48,114.79,77.67,-0.171524204312982,-0.779686409976117,-1.07370911329172,0.262787929770742,1.36343260952726,-1.09900147026147,"NORMAL","NORMAL","NORMAL","NORMAL","NORMAL","NORMAL"
"229","Kate Eddy ","DEF"," Conditioning",30,112.97,12.33,0,15.72,4.97,8.47,-0.834557853492661,-0.014186700299166,-0.569431864843248,-0.530316838206611,-0.492014975542136,-0.044735108326226,"NORMAL","NORMAL","NORMAL","NORMAL","NORMAL","NORMAL"
"230","Kate Eddy ","DEF"," Match Sim",49,84.13,58.8,61.86,107.31,96.15,65.4,-0.000440572659166789,-0.967650896672016,-0.449870381461532,0.969566035315491,0.899415941975445,-1.47567040635974,"NORMAL","NORMAL","NORMAL","NORMAL","NORMAL","NORMAL"
"231","Kate Eddy ","DEF"," 2v2 Open Space",6,58.2,42.67,106.35,110.05,96.15,61.16,-0.606753324316903,-0.790875009283845,0.0491890028751897,0.285638526019587,0.452130854491981,-0.759428222008079,"NORMAL","NORMAL","NORMAL","NORMAL","NORMAL","NORMAL"
"232","Kate Eddy ","DEF"," 3 Feed and Shoot Drill",11,65.18,207.68,57.51,113.47,61.75,70.39,0.666691490321943,1.55874949496399,-0.000790073439768737,0.492231068006651,0.304408870478087,0.403340600276831,"NORMAL","HIGH","NORMAL","NORMAL","NORMAL","NORMAL"
"233","Kate Eddy ","DEF"," 2v1 Open Space",3,146.18,34.14,117.2,146.96,148.78,132.53,-0.310076018273467,-0.37435157320108,-0.532187619815687,-0.0260586780113435,-0.302423811898489,-1.01705161965956,"NORMAL","NORMAL","NORMAL","NORMAL","NORMAL","NORMAL"
"234","Kate Eddy ","DEF"," Footwork Drill",17,62.89,84.4,68.37,82.71,62.99,72.67,-0.187380006301461,-0.277962319413193,-0.397964978666606,0.277469666268402,-0.0812108322283012,0.0244250885873823,"NORMAL","NORMAL","NORMAL","NORMAL","NORMAL","NORMAL"
"235","Kate Eddy ","DEF"," Full Court Transition",18,60.7,69.23,27.13,63.57,52.63,49.64,0.48471421080666,1.01182135487885,-0.540311654036303,0.887492578337443,1.40174591893752,0.265374374341822,"NORMAL","NORMAL","NORMAL","NORMAL","NORMAL","NORMAL"
"236","Kate Eddy ","DEF"," End to End",8,75.69,101.47,34.73,59.47,62.58,77.13,0.0163650420050768,-1.11470849465504,-1.12981538546703,-0.885566719211411,-0.897511816584322,-0.323331392695323,"NORMAL","NORMAL","NORMAL","NORMAL","NORMAL","NORMAL"
"237","Kate Eddy ","DEF"," MAS",13,138.06,0,0,27.34,3.32,15.64,-0.747162691527539,NA,-0.391276401369527,0.700147589521168,0.242507559229738,0.273340748569256,"NORMAL","NORMAL","NORMAL","NORMAL","NORMAL","NORMAL"
"238","Kate Eddy ","DEF"," Long Line Passing",14,59.56,15.17,20.62,86.81,20.31,45.73,0.942248190104591,-0.814705765723484,-0.989205497316416,0.295488981578481,-0.754830420312577,0.434565793252317,"NORMAL","NORMAL","NORMAL","NORMAL","NORMAL","NORMAL"
"239","Kate Eddy ","DEF"," Half Court Transitition",14,77.57,45.52,82.47,94.33,151.68,74.3,0.905005461411445,-0.361366672470652,0.47249295142329,1.20370260577834,1.87356357499437,0.268941451274965,"NORMAL","NORMAL","NORMAL","NORMAL","HIGH","NORMAL"
"240","Kate Eddy ","DEF"," Finisher",9,71.95,31.29,11.94,112.1,49.32,44.65,-0.374796020502911,-1.1515918682626,-1.3009935056239,0.0644763492276057,-0.236332218529942,-0.897698008417072,"NORMAL","NORMAL","NORMAL","NORMAL","NORMAL","NORMAL"
"241","Kate Eddy ","DEF"," Intercept",9,68.41,29.4,51,66.99,62.99,76.69,-0.0992410847819211,-0.578848216148834,-0.568064821571137,-0.546631143704284,-0.225016089450385,0.0856689225520635,"NORMAL","NORMAL","NORMAL","NORMAL","NORMAL","NORMAL"
"242","Kate Moloney ","MID"," Finisher",8,71.56,64.63,55.17,156.19,50.38,53.79,-0.396231055178035,-0.10089519526164,0.22875927233525,0.761889240089783,-0.207889790832627,-0.160250017818922,"NORMAL","NORMAL","NORMAL","NORMAL","NORMAL","NORMAL"
"243","Kate Moloney ","MID"," 15 on",17,184.26,0,0,110.48,0,22.57,-1.03616143846149,NA,NA,2.31346464373519,-0.420200250723224,1.97646584091526,"NORMAL","NORMAL","NORMAL","HIGH","NORMAL","HIGH"
"244","Kate Moloney ","MID"," Footwork Drill",17,56.62,130.49,127.59,87.62,55.64,67.64,-0.698670555046948,0.840368932766363,1.34298481298024,0.438943293590532,-0.377333958957294,-0.387061690915829,"NORMAL","NORMAL","NORMAL","NORMAL","NORMAL","NORMAL"
"245","Kate Moloney ","MID"," 2v1 Open Space",2,115.92,0,325.29,96.19,60.53,128.13,-1.16715757232281,-0.806132739644444,1.64700470199953,-0.645972344221065,-1.1698384069922,-1.14368541091085,"NORMAL","NORMAL","HIGH","NORMAL","NORMAL","NORMAL"
"246","Kate Moloney ","MID"," Full Court Transition",18,57.51,92.68,62.07,55.24,43.61,55.73,0.123584199329841,2.11841493926637,0.967856046545158,0.399839994066275,0.590555915377867,0.811979765460773,"NORMAL","HIGH","NORMAL","NORMAL","NORMAL","NORMAL"
"247","Kate Moloney ","MID"," Half Court Transitition",14,69.41,109.76,103.45,72.38,80.45,97.44,0.5070615268773,1.55874871541311,0.974052277857188,0.424697037321299,0.0736993404117998,1.13069614998293,"NORMAL","HIGH","NORMAL","NORMAL","NORMAL","NORMAL"
"248","Kate Moloney ","MID"," 20 Point Thrown In",34,78.53,132.93,67.82,60.48,68.8,84.66,-0.708436190983019,2.23278124307067,-0.697794247832688,-1.03317029866344,-1.08748459310559,-0.552627339598051,"NORMAL","HIGH","NORMAL","NORMAL","NORMAL","NORMAL"
"249","Kate Moloney ","MID"," Intercept",9,51.97,37.8,80.46,83.81,39.47,60.23,-0.925328899371681,-0.338487528958753,0.437612540358724,0.269710191401531,-0.890007095860572,-0.702416766585564,"NORMAL","NORMAL","NORMAL","NORMAL","NORMAL","NORMAL"
"250","Kate Moloney ","MID"," Long Line Passing",12,47.58,17.07,90.8,102.86,17.29,39.51,-0.55319892636081,-0.699795209221811,1.71609196848859,0.713461791889992,-1.00540342051527,-0.132199728473228,"NORMAL","NORMAL","HIGH","NORMAL","NORMAL","NORMAL"
"251","Kate Moloney ","MID"," Defensive Technique",23,33.54,53.66,66.67,28.57,32.71,32.45,-1.37749422722631,-0.640296115226401,1.3256093326955,-0.898383538376789,-1.17937884159856,-1.30820661435571,"NORMAL","NORMAL","NORMAL","NORMAL","NORMAL","NORMAL"
"252","Kate Moloney ","MID"," End to End",8,68.16,223.17,68.97,132.38,44.74,69.66,-0.646749395474174,0.932191815405468,0.29063853448858,0.727155288099639,-1.61167822193063,-0.880169549106633,"NORMAL","NORMAL","NORMAL","NORMAL","LOW","NORMAL"
"253","Kate Moloney ","MID"," Sprints",3,90.97,0,0,61.9,0,0,-1.01371640210672,NA,NA,0.775307566787748,-0.301511344577764,-0.527110602518357,"NORMAL","NORMAL","NORMAL","NORMAL","NORMAL","NORMAL"
"254","Kate Moloney ","MID"," Suicides",2,134.79,0,379.31,313.81,0,162.79,-0.562992610923658,-0.277350098112615,0.902560196023941,0.358903618097017,-1.13200276285101,0.291168542392381,"NORMAL","NORMAL","NORMAL","NORMAL","NORMAL","NORMAL"
"255","Kate Moloney ","MID"," 2v2",11,40.16,31.71,71.26,96.19,59.4,38.8,-1.0402450608228,-0.570689473045809,-0.217211388434723,0.374660112004658,-0.192050853469475,-1.40233460292075,"NORMAL","NORMAL","NORMAL","NORMAL","NORMAL","NORMAL"
"256","Kate Moloney ","MID"," Zone",42,42.13,47.56,31.03,44.29,33.83,44.89,-0.483692892066354,0.212447682132268,-0.755231777703983,-0.265558901366627,-0.881315846105572,-0.0802149469426169,"NORMAL","NORMAL","NORMAL","NORMAL","NORMAL","NORMAL"
"257","Kate Moloney ","MID"," 3 Feed and Shoot Drill",11,31.22,42.68,10.34,8.57,36.09,19.31,-0.913177766734509,-0.873380247056137,-1.01718364127311,-0.843877758746497,-0.519912467993574,-1.0514767137498,"NORMAL","NORMAL","NORMAL","NORMAL","NORMAL","NORMAL"
"258","Kate Moloney ","MID"," 3v3",35,47.05,82.93,35.63,57.14,45.86,42.42,0.040724975280671,2.16554612959308,-0.300701674197229,0.320087228283558,0.347650348131,-0.468410412756173,"NORMAL","HIGH","NORMAL","NORMAL","NORMAL","NORMAL"
"259","Kate Moloney ","MID"," Centre Pass",17,70.66,95.12,58.62,72.86,62.03,72.84,0.445828518556788,1.14006650659443,0.644922829925254,0.679297652175575,0.269580091943196,0.590877251032309,"NORMAL","NORMAL","NORMAL","NORMAL","NORMAL","NORMAL"
"260","Kate Moloney ","MID"," Circle Entry",17,32.11,52.44,39.08,41.9,21.8,32.19,-1.05696457145954,-0.464900672109338,-0.585307647910301,-0.313634566299691,-1.11240044763261,-1.35147005636427,"NORMAL","NORMAL","NORMAL","NORMAL","NORMAL","NORMAL"
"261","Kate Moloney ","MID"," Conditioning",30,121.38,14.63,2.3,51.43,0.75,10.58,-0.522164282939104,0.261908313215375,-0.356379126296455,2.66664076179245,-1.17277012202994,0.153792972792647,"NORMAL","NORMAL","NORMAL","HIGH","NORMAL","NORMAL"
"262","Kate Moloney ","MID"," Specialist Drill",19,43.11,54.88,85.06,56.67,33.83,47.35,-0.342342459476738,0.591069802453026,2.15471486957577,1.03791174629395,-0.769320908586377,-0.0538942176083688,"NORMAL","NORMAL","HIGH","NORMAL","NORMAL","NORMAL"
"263","Kate Moloney ","MID"," Throw In",31,62.61,42.68,49.43,55.71,34.21,40.56,0.169234282734743,0.560552515548535,0.742309401166941,1.14097077245059,0.259709004369883,0.426477294806867,"NORMAL","NORMAL","NORMAL","NORMAL","NORMAL","NORMAL"
"264","Kate Moloney ","MID"," 2v2 Open Space",6,70.39,86.59,155.17,90.48,86.47,76.1,0.35582750764325,0.226330782977608,0.996345937485866,-0.0386476866835374,0.122087657501025,0.0798579352606652,"NORMAL","NORMAL","NORMAL","NORMAL","NORMAL","NORMAL"
"265","Kate Moloney ","MID"," Mid Court to Goal (thin)",22,40.88,54.88,113.79,34.29,47.37,49.56,-1.01547202604708,-0.471503465454528,0.82441473261654,-1.30543161492786,-0.804982258678762,-0.877098006047192,"NORMAL","NORMAL","NORMAL","NORMAL","NORMAL","NORMAL"
"266","Kate Moloney ","MID"," Passing Drill",11,70.93,100,164.37,107.14,54.14,79.98,-0.926518173294915,0.440162707663379,1.88720636229006,0.686455197348933,-1.66921649134855,-1.03108508885191,"NORMAL","NORMAL","HIGH","NORMAL","LOW","NORMAL"
"267","Kate Moloney ","MID"," MAS",17,127.01,0,3.45,20,0,4.94,-1.04264069002605,NA,1.00397278180863,0.0708720825311224,-0.595437033980388,-0.324868764236138,"NORMAL","NORMAL","NORMAL","NORMAL","NORMAL","NORMAL"
"268","Kate Moloney ","MID"," Match Sim",42,83.63,102.44,88.51,87.14,75.94,85.8,-0.0389906803362274,1.0737717270529,0.774572566622053,0.18541579314912,-0.339596408297364,0.329647512065369,"NORMAL","NORMAL","NORMAL","NORMAL","NORMAL","NORMAL"
"269","Kate Moloney ","MID"," Warm Up",8,50.18,112.2,20.69,75.24,15.79,19.58,-0.982751302368578,-0.0542396105406852,1.70570864037342,1.34113761023991,-0.933461625454283,0.585644544230075,"NORMAL","NORMAL","HIGH","NORMAL","NORMAL","NORMAL"
"270","Mwai Kumwenda ","FWD"," Long Line Passing",14,43.44,43.01,7.14,46.53,33.91,38.21,-1.06998949916271,0.869036283227345,-1.50883231177996,-0.753479541745362,0.373577792520734,-0.250655544911043,"NORMAL","NORMAL","LOW","NORMAL","NORMAL","NORMAL"
"271","Mwai Kumwenda ","FWD"," Zone",42,51.26,44.09,33.67,49.5,49.13,53.17,0.365288095674591,0.00131829110631011,-0.534086175359384,0.20304799994417,0.49719488268113,0.528193994142757,"NORMAL","NORMAL","NORMAL","NORMAL","NORMAL","NORMAL"
"272","Mwai Kumwenda ","FWD"," Intercept",9,75.36,21.51,35.71,48.51,84.78,88.13,0.249987036349395,-0.804615575902374,-1.09002024804458,-1.44353886503338,0.391061888001909,0.6334028401544,"NORMAL","NORMAL","NORMAL","NORMAL","NORMAL","NORMAL"
"273","Mwai Kumwenda ","FWD"," Circle Entry",17,45.56,64.52,38.78,45.54,44.35,54.96,0.250355638773194,0.132818665484787,-0.604791614948608,-0.160762089029177,0.0870012645177147,0.791814479568281,"NORMAL","NORMAL","NORMAL","NORMAL","NORMAL","NORMAL"
"274","Mwai Kumwenda ","FWD"," Footwork Drill",17,73.51,97.85,34.69,68.32,103.48,96.91,0.678633650425344,0.048389499675872,-1.38808975041037,-0.195769742522932,1.55008514073182,2.00741505581558,"NORMAL","NORMAL","NORMAL","NORMAL","HIGH","HIGH"
"275","Mwai Kumwenda ","FWD"," Full Court Transition",19,51.66,46.24,20.41,36.14,44.35,48.46,-0.538676166544576,-0.0730650632477614,-0.830377107611215,-0.718306987876018,0.657105871324003,0.159463970151287,"NORMAL","NORMAL","NORMAL","NORMAL","NORMAL","NORMAL"
"276","Mwai Kumwenda ","FWD"," Centre Pass",17,81.06,116.13,61.22,77.23,95.22,108.13,0.888221294401762,1.68476251118822,0.730712871451775,0.812406439496541,1.18798295235165,1.61791656472516,"NORMAL","HIGH","NORMAL","NORMAL","NORMAL","HIGH"
"277","Mwai Kumwenda ","FWD"," 2v1 Open Space",3,148.34,80.65,115.31,111.39,114.35,170.73,-0.248896370000283,0.213877543708143,-0.551980370491985,-0.460376761664678,-0.640838367242132,0.0823599316585128,"NORMAL","NORMAL","NORMAL","NORMAL","NORMAL","NORMAL"
"278","Mwai Kumwenda ","FWD"," 2v2",8,42.38,12.9,24.49,41.09,40.87,53.82,-0.861669122450803,-1.03579644826209,-1.1327644379203,-0.839822307777473,-0.864773408250076,-0.677072371123023,"NORMAL","NORMAL","NORMAL","NORMAL","NORMAL","NORMAL"
"279","Mwai Kumwenda ","FWD"," 2v2 Open Space",7,62.25,147.31,56.12,23.76,92.17,71.22,-0.286945910909305,1.63263168703306,-0.925323345045627,-1.14423665508172,0.316431275563881,-0.194286405266207,"NORMAL","HIGH","NORMAL","NORMAL","NORMAL","NORMAL"
"280","Mwai Kumwenda ","FWD"," Half Court Transitition",14,36.29,30.11,21.43,27.23,33.04,40.49,-1.10812267799658,-0.821967203717363,-0.986762591261415,-1.17767660349124,-1.1242729095048,-0.990173776180363,"NORMAL","NORMAL","NORMAL","NORMAL","NORMAL","NORMAL"
"281","Mwai Kumwenda ","FWD"," Mid Court to Goal (thin)",22,50.86,77.42,55.1,42.08,80,65.85,-0.0772454418826121,0.840286879496518,-0.532742033984313,-0.91290774036304,0.82766486246625,0.319545755971967,"NORMAL","NORMAL","NORMAL","NORMAL","NORMAL","NORMAL"
"282","Mwai Kumwenda ","FWD"," Conditioning",30,157.75,12.9,2.04,19.8,18.7,7.32,0.828817186862663,0.0542368465283506,-0.380463348914788,-0.165052570270566,1.72285899632459,-0.152937616992911,"NORMAL","NORMAL","NORMAL","NORMAL","HIGH","NORMAL"
"283","Mwai Kumwenda ","FWD"," Defensive Technique",23,53.38,88.17,27.55,37.13,66.52,66.67,1.32983878417512,0.651438960652816,-1.33271827864371,-0.103439834889439,1.58100447086651,1.77605219354233,"NORMAL","NORMAL","NORMAL","NORMAL","HIGH","HIGH"
"284","Mwai Kumwenda ","FWD"," End to End",8,64.77,179.57,32.65,54.95,117.39,94.8,-0.945282986849295,0.198873380576887,-1.21610464228676,-0.985546193536551,1.29662835589501,0.993848021466371,"NORMAL","NORMAL","NORMAL","NORMAL","NORMAL","NORMAL"
"285","Mwai Kumwenda ","FWD"," Finisher",13,76.42,41.94,22.45,103.96,55.22,51.38,-0.129117546149565,-0.815961407330981,-0.929082756228789,-0.0642816669125196,-0.0780205926675269,-0.354697463917558,"NORMAL","NORMAL","NORMAL","NORMAL","NORMAL","NORMAL"
"286","Mwai Kumwenda ","FWD"," Suicides",2,183.58,0,0,32.67,28.7,160.81,0.399382603550264,-0.277350098112615,-0.864723846147339,-1.06126887496667,-0.684597857321655,0.261091175504269,"NORMAL","NORMAL","NORMAL","NORMAL","NORMAL","NORMAL"
"287","Mwai Kumwenda ","FWD"," Throw In",31,46.09,22.58,10.2,14.85,26.96,25.69,-1.21269554844828,-0.629795898208736,-1.48824899796768,-1.37401327149623,-0.359819562116107,-0.989327717370971,"NORMAL","NORMAL","NORMAL","NORMAL","NORMAL","NORMAL"
"288","Mwai Kumwenda ","FWD"," Warm Up",8,76.42,90.32,7.14,41.09,39.57,20.81,1.01484209689235,-0.84218214487125,-0.846190264007234,-0.616828919622985,0.240781820702124,0.852590275764821,"NORMAL","NORMAL","NORMAL","NORMAL","NORMAL","NORMAL"
"289","Mwai Kumwenda ","FWD"," Match Sim",44,71.52,102.15,53.06,60.89,81.3,79.67,-0.972674288274635,1.06020590301806,-0.854189253624217,-0.835106956323722,-0.0109914504813201,-0.212832823226098,"NORMAL","NORMAL","NORMAL","NORMAL","NORMAL","NORMAL"
"290","Mwai Kumwenda ","FWD"," Specialist Drill",31,44.37,37.63,23.47,51.49,54.78,37.24,-0.213639923644079,-0.405077824182259,-1.07384930929846,0.663972540283383,0.937182996394074,-0.823819980680971,"NORMAL","NORMAL","NORMAL","NORMAL","NORMAL","NORMAL"
"291","Mwai Kumwenda ","FWD"," Passing Drill",12,93.64,78.49,46.94,84.65,113.48,112.03,0.300320543523607,-0.365932635475731,-1.25040960857541,-0.105225233596227,1.30207128989173,1.68224531138904,"NORMAL","NORMAL","NORMAL","NORMAL","NORMAL","HIGH"
"292","Mwai Kumwenda ","FWD"," MAS",13,189.14,0,8.16,43.56,0,14.31,0.618721124156088,NA,2.90879123188664,2.09072643466811,-0.595437033980388,0.198983865201856,"NORMAL","NORMAL","HIGH","HIGH","NORMAL","NORMAL"
"293","Mwai Kumwenda ","FWD"," 3v3",35,37.88,46.24,28.57,26.73,42.17,38.37,-1.207885437048,-0.0305811223165391,-0.763952854878778,-1.36821896429186,-0.186255351098559,-1.06073751716399,"NORMAL","NORMAL","NORMAL","NORMAL","NORMAL","NORMAL"
"294","Mwai Kumwenda ","FWD"," 20 Point Thrown In",34,75.76,50.54,47.96,43.56,88.26,95.28,-0.974015870103733,-0.876680169288698,-1.42191347460441,-1.5813606292911,-0.0504146047769225,0.277486146474268,"NORMAL","NORMAL","NORMAL","LOW","NORMAL","NORMAL"
"295","Mwai Kumwenda ","FWD"," Sprints",3,147.95,0,0,64.36,0,15.93,1.91766614235671,NA,NA,0.876429766417943,-0.301511344577764,0.30031563486668,"HIGH","NORMAL","NORMAL","NORMAL","NORMAL","NORMAL"
"296","Mwai Kumwenda ","FWD"," 3 Feed and Shoot Drill",11,66.09,122.58,62.24,56.44,68.7,78.37,0.709026031662383,0.304360155291791,0.101129400290392,-0.234158697386409,0.527675951630778,0.630620204151783,"NORMAL","NORMAL","NORMAL","NORMAL","NORMAL","NORMAL"
"297","Mwai Kumwenda ","FWD"," 15 on",17,236.56,0,0,0,51.74,9.59,0.513765077759911,NA,NA,-0.766322967300643,2.45990055701576,0.10335994586515,"NORMAL","NORMAL","NORMAL","NORMAL","HIGH","NORMAL"
"298","Sacha McDonald ","FWD"," 2v1 Open Space",3,125.46,0,186.96,110.84,155.93,181.53,-0.89694745911624,-0.806132739644444,0.198363854881942,-0.467092391296653,-0.232146028839905,0.393188328366239,"NORMAL","NORMAL","NORMAL","NORMAL","NORMAL","NORMAL"
"299","Sacha McDonald ","FWD"," 2v2",11,41.93,78.5,97.41,73.89,56.38,70.86,-0.897866947796478,0.586267218627215,0.294691802586186,-0.116863625947093,-0.30169047114014,0.145728456429132,"NORMAL","NORMAL","NORMAL","NORMAL","NORMAL","NORMAL"
"300","Sacha McDonald ","FWD"," Footwork Drill",18,59.58,142.73,81.7,50.89,64.23,77.11,-0.457295750535522,1.1373612201753,-0.00608958652455228,-0.768984676173588,-0.0312526448617771,0.387646023178686,"NORMAL","NORMAL","NORMAL","NORMAL","NORMAL","NORMAL"
"301","Sacha McDonald ","FWD"," Half Court Transitition",14,57.82,110.62,75.41,62.74,44.25,91.31,-0.058155409550486,1.58445387160209,0.303712739572798,0.0825734072563419,-0.841014758870652,0.902409360740067,"NORMAL","HIGH","NORMAL","NORMAL","NORMAL","NORMAL"
"302","Sacha McDonald ","FWD"," 20 Point Thrown In",34,82.42,73.15,73.84,73.89,75.65,104.78,-0.335474114528296,-0.0233615319122521,-0.478297886041864,-0.598700302580882,-0.722431693822371,1.02005470746175,"NORMAL","NORMAL","NORMAL","NORMAL","NORMAL","NORMAL"
"303","Sacha McDonald ","FWD"," 2v2 Open Space",5,64.33,119.54,164.96,112.93,74.93,90.59,-0.122699140566638,0.989466731406908,1.18628175046904,0.33336179084253,-0.271372930647283,0.893864388997219,"NORMAL","NORMAL","NORMAL","NORMAL","NORMAL","NORMAL"
"304","Sacha McDonald ","FWD"," Full Court Transition",15,45.46,58.88,31.42,32.07,33.9,48.24,-1.24055894747131,0.523410114008452,-0.355135940370177,-0.956571815965292,-0.282687425482909,0.139717962590339,"NORMAL","NORMAL","NORMAL","NORMAL","NORMAL","NORMAL"
"305","Sacha McDonald ","FWD"," Zone",42,45.46,66.01,40.85,55.07,40.68,48.24,-0.174042652287893,1.33502326265933,0.0673628491990336,0.704034648754369,-0.264139474067081,0.165940844438543,"NORMAL","NORMAL","NORMAL","NORMAL","NORMAL","NORMAL"
"306","Sacha McDonald ","FWD"," Intercept",9,62.23,105.26,73.84,70.41,66.73,78.8,-0.409777745010918,1.59183770411778,0.211625298811689,-0.380644974497275,-0.11927347193448,0.186693272739208,"NORMAL","HIGH","NORMAL","NORMAL","NORMAL","NORMAL"
"307","Sacha McDonald ","FWD"," Finisher",9,72.16,78.5,56.56,77.38,26.76,54.5,-0.363254078754767,0.336212268881232,0.277946326727182,-0.484722461630521,-0.841672943861484,-0.102964670628037,"NORMAL","NORMAL","NORMAL","NORMAL","NORMAL","NORMAL"
"308","Sacha McDonald ","FWD"," Warm Up",8,56.6,157,12.57,56.47,14.99,11.67,-0.494010844165256,1.55909793690032,0.176452617969665,0.264972697632983,-0.972965189664759,-1.13105524149337,"NORMAL","HIGH","NORMAL","NORMAL","NORMAL","NORMAL"
"309","Sacha McDonald ","FWD"," 3v3",35,40.16,71.36,40.85,53.68,37.47,51.73,-0.897434865607499,1.47300886318277,0.0418154877231222,0.12799451449497,-0.866297840632145,0.89321065935168,"NORMAL","NORMAL","NORMAL","NORMAL","NORMAL","NORMAL"
"310","Sacha McDonald ","FWD"," Long Line Passing",14,37.63,16.06,51.85,112.93,32.83,38.74,-1.7952439020562,-0.76087924188849,0.214648020168484,0.975703922720953,0.28396890503103,-0.202362019747934,"LOW","NORMAL","NORMAL","NORMAL","NORMAL","NORMAL"
"311","Sacha McDonald ","FWD"," 3 Feed and Shoot Drill",11,58.59,157,109.98,61.35,68.87,93.83,0.36011497665875,0.811717159657444,1.12980501886923,-0.171620143150395,0.533137160810052,1.07093883521779,"NORMAL","NORMAL","NORMAL","NORMAL","NORMAL","NORMAL"
"312","Sacha McDonald ","FWD"," Defensive Technique",30,38.84,124.89,36.14,36.95,38.89,55.82,-0.654265146559596,2.0258959872041,-0.74900063596979,-0.120155940803893,-0.67481898146741,0.79813845696449,"NORMAL","HIGH","NORMAL","NORMAL","NORMAL","NORMAL"
"313","Sacha McDonald ","FWD"," End to End",10,73.6,178.41,40.85,80.86,71.36,95.64,-0.167686641173095,0.179363073595209,-0.875925841362811,-0.412433764385141,-0.546033058796171,1.05646436033993,"NORMAL","NORMAL","NORMAL","NORMAL","NORMAL","NORMAL"
"314","Sacha McDonald ","FWD"," Centre Pass",12,26.81,0,14.14,23.7,30.69,22.86,-1.41945256036649,-1.32597271077644,-0.822746803574604,-0.818100055993459,-0.597631286339448,-0.86368281976307,"NORMAL","NORMAL","NORMAL","NORMAL","NORMAL","NORMAL"
"315","Sacha McDonald ","FWD"," Circle Entry",13,31.45,78.5,58.13,36.95,32.83,44.87,-1.12111560036315,0.824550150548188,0.651924259022228,-0.521524336214264,-0.525730785325824,-0.157932598497571,"NORMAL","NORMAL","NORMAL","NORMAL","NORMAL","NORMAL"
"316","Sacha McDonald ","FWD"," Specialist Drill",19,43.47,83.85,50.27,47.4,44.25,61.83,-0.305570306381692,2.2640203383153,0.331013817732382,0.368719383414039,0.0794509620530643,1.04882833919591,"NORMAL","HIGH","NORMAL","NORMAL","NORMAL","NORMAL"
"317","Sacha McDonald ","FWD"," Match Sim",46,84.3,105.26,86.41,76.68,84.92,98.05,0.0126664639510339,1.20568767111578,0.678087381219593,-0.221238224355105,0.21093950983474,1.41372322288437,"NORMAL","NORMAL","NORMAL","NORMAL","NORMAL","NORMAL"
"318","Sacha McDonald ","FWD"," Throw In",31,60.36,48.17,37.71,42.52,35.33,46.44,-0.0189825526261405,0.885677530052387,0.0759279472322539,0.329109794974854,0.35541548636496,0.986324871915521,"NORMAL","NORMAL","NORMAL","NORMAL","NORMAL","NORMAL"
"319","Sacha McDonald ","FWD"," Passing Drill",13,80.44,128.46,102.12,67.62,72.08,96.12,-0.412769331509616,1.50671191574051,0.22394659743972,-0.704705791132735,-0.77092018539219,0.335315930177383,"NORMAL","HIGH","NORMAL","NORMAL","NORMAL","NORMAL"
"320","Sacha McDonald ","FWD"," Mid Court to Goal (thin)",22,36.19,103.48,48.7,40.43,32.11,50.29,-1.45638211419651,2.35693534397852,-0.680736637941468,-0.996048227273431,-1.56851873028994,-0.823473086079483,"NORMAL","HIGH","NORMAL","NORMAL","LOW","NORMAL"
"321","Sacha McDonald ","FWD"," Suicides",2,191.66,0,103.69,276.05,70.65,206.2,0.558759355609072,-0.277350098112615,-0.381610608076263,0.168159813095649,-0.0306384222360628,0.950592025530243,"NORMAL","NORMAL","NORMAL","NORMAL","NORMAL","NORMAL"
"322","Tegan Philip ","FWD"," Half Court Transitition",14,5.97,0,0,0,0,0,-2.58675749356953,-1.72194656749663,-1.49907986320986,-2.14406938841539,-1.95913903768967,-2.49805829436038,"LOW","LOW","NORMAL","LOW","LOW","LOW"
"323","Tegan Philip ","FWD"," Intercept",9,48.11,45.76,52.24,62.25,52.88,66.86,-1.1192886903885,-0.110717163478628,-0.525734885088007,-0.776682150149085,-0.51086043786905,-0.384980064338755,"NORMAL","NORMAL","NORMAL","NORMAL","NORMAL","NORMAL"
"324","Tegan Philip ","FWD"," 2v2 Open Space",7,60.8,71.19,113.43,78.15,68.47,81.03,-0.401444861388569,-0.130339736166891,0.18654809949632,-0.242962914206763,-0.49162903111852,0.356811131735559,"NORMAL","NORMAL","NORMAL","NORMAL","NORMAL","NORMAL"
"325","Tegan Philip ","FWD"," 2v1 Open Space",3,108.39,0,219.4,72.85,24.75,125.71,-1.38043662394182,-0.806132739644444,0.538087046384107,-0.930959245330676,-1.52152219410215,-1.21333399609906,"NORMAL","NORMAL","NORMAL","NORMAL","LOW","NORMAL"
"326","Tegan Philip ","FWD"," 3 Feed and Shoot Drill",11,27.15,30.51,13.43,11.92,26.78,18.97,-1.10252016591648,-1.05276824075544,-0.950601997758055,-0.801208887730072,-0.818993982458545,-1.06116030589485,"NORMAL","NORMAL","NORMAL","NORMAL","NORMAL","NORMAL"
"327","Tegan Philip ","FWD"," Full Court Transition",25,34.59,33.9,20.9,19.87,34.24,37.14,-2.47111795209608,-0.655383392942514,-0.809226501621378,-1.67078088296508,-0.252110418696846,-0.856557873439277,"LOW","NORMAL","NORMAL","LOW","NORMAL","NORMAL"
"328","Tegan Philip ","FWD"," Defensive Technique",23,41.82,105.08,79.1,41.06,40,54.51,-0.247619361580955,1.28439289090832,2.17026710899782,0.261528477576131,-0.584194152220554,0.680067766188732,"NORMAL","NORMAL","HIGH","NORMAL","NORMAL","NORMAL"
"329","Tegan Philip ","FWD"," End to End",8,63.73,283.05,95.52,52.32,103.73,97.03,-1.03686851340685,1.9393273171838,1.39207111552892,-1.04372009120804,0.74979466211527,1.16007949252356,"NORMAL","HIGH","NORMAL","NORMAL","NORMAL","NORMAL"
"330","Tegan Philip ","FWD"," Zone",23,26.62,22.03,29.85,27.15,29.49,21.37,-1.92593770256603,-1.34090486913364,-0.85407716057013,-1.8071946573104,-1.27234437963069,-1.80844904046049,"LOW","NORMAL","NORMAL","LOW","NORMAL","LOW"
"331","Tegan Philip ","FWD"," Circle Entry",17,31.97,45.76,28.36,23.84,27.46,37.6,-1.07057236546939,-0.795427590580262,-1.28153473674582,-1.07211724198801,-0.811353277310181,-0.84223995801578,"NORMAL","NORMAL","NORMAL","NORMAL","NORMAL","NORMAL"
"332","Tegan Philip ","FWD"," Match Sim",30,66.67,76.27,64.18,66.89,66.44,72.69,-1.34661033274212,-0.150426945332093,-0.343277224255006,-0.601844613587072,-0.922011911889234,-0.830534738451944,"NORMAL","NORMAL","NORMAL","NORMAL","NORMAL","NORMAL"
"333","Tegan Philip ","FWD"," Centre Pass",17,58.28,91.53,31.34,51.66,51.86,61.6,-0.080789035766364,1.04699374807507,-0.255212682706853,0.033552505446862,-0.0118347043916635,0.26376130073739,"NORMAL","NORMAL","NORMAL","NORMAL","NORMAL","NORMAL"
"334","Tegan Philip ","FWD"," Footwork Drill",17,55.87,169.49,56.72,40.4,48.14,70.63,-0.759829711595452,1.78666788774581,-0.740451724237118,-1.11396601030987,-0.679500414803205,-0.142460205684298,"NORMAL","HIGH","NORMAL","NORMAL","NORMAL","NORMAL"
"335","Tegan Philip ","FWD"," Long Line Passing",14,48.43,47.46,38.81,66.89,38.31,55.09,-0.447094581703415,1.13816890240232,-0.288017681656783,-0.223266057761414,0.738651037849159,1.28744767160459,"NORMAL","NORMAL","NORMAL","NORMAL","NORMAL","NORMAL"
"336","Tegan Philip ","FWD"," Specialist Drill",31,35.22,62.71,47.76,27.15,41.02,36.8,-1.14826548147648,1.04323420341269,0.199438950238075,-1.09310859375081,-0.183652026638432,-0.857328124672261,"NORMAL","NORMAL","NORMAL","NORMAL","NORMAL","NORMAL"
"337","Tegan Philip ","FWD"," Mid Court to Goal (thin)",22,32.18,52.54,26.87,32.45,27.46,36.46,-1.83336494009827,-0.607687556279082,-1.18553698237658,-1.39814585487641,-1.80118220296308,-1.83940821368691,"LOW","NORMAL","NORMAL","NORMAL","LOW","LOW"
"338","Tegan Philip ","FWD"," Passing Drill",12,71.17,145.76,86.57,53.64,84.75,103.54,-0.913552902839766,2.1550359248668,-0.191534355868277,-1.19682195051972,-0.136504678342739,0.963487898033478,"NORMAL","HIGH","NORMAL","NORMAL","NORMAL","NORMAL"
"339","Tegan Philip ","FWD"," Throw In",31,47.9,35.59,38.81,21.19,29.15,35.09,-1.0612855608913,0.14067339845704,0.138472281645919,-0.983778351314563,-0.172679208929305,-0.0943332913809455,"NORMAL","NORMAL","NORMAL","NORMAL","NORMAL","NORMAL"
"340","Tegan Philip ","FWD"," Finisher",12,63.94,113.56,56.72,52.98,35.59,65.83,-0.815038655753538,1.44111404918758,0.283608145937764,-0.870680151288881,-0.604742154647055,0.811180376798336,"NORMAL","NORMAL","NORMAL","NORMAL","NORMAL","NORMAL"
"341","Tegan Philip ","FWD"," Warm Up",8,53.88,142.37,10.45,33.11,28.14,15.43,-0.70107845262523,1.03224239406412,-0.222811269652992,-1.07435667682081,-0.323625352955055,-0.315026013387158,"NORMAL","NORMAL","NORMAL","NORMAL","NORMAL","NORMAL"
"342","Tegan Philip ","FWD"," Suicides",2,159.43,111.86,98.51,131.13,22.37,180.8,-0.0769724165264981,3.32820117735137,-0.405745303545528,-0.563900362243289,-0.783276360875691,0.564751056359506,"NORMAL","HIGH","NORMAL","NORMAL","NORMAL","NORMAL"
