Name,Average Duration (Session),Average Player Load (Session),Jumps,Jump Ratio,Explosive Efforts,Accelerations,Decelerations,Change Of Directions,Player Load Per Min,Jumps per Minute,Explosive Efforts per Minute,Decelerations Per Min,Accelerations Per Min,Change of Directions per Minute
Allie Smith - 20 Point Thrown In,0:33:57,284.32422,21,0.38095,33,78,80,250,8.37097,0.61827,0.97157,2.35533,2.29645,8.42031
Allie Smith - 2v1 Open Space,0:02:13,37.82402,1,0,2,11,13,37,17.03273,0.45032,0.90063,5.8541,4.95347,18.91324
Allie Smith - 2v2,0:08:28,55.18042,10,0.7,15,22,24,60,6.51737,1.1811,1.77165,2.83465,2.59843,8.26772
Allie Smith - 2v2 Open Space,0:05:20,43.6132,5.5,0.27273,10,21,21,34,8.17224,1.03059,1.8738,3.93498,3.93498,6.83937
Allie Smith - 3 Feed and Shoot Drill,0:11:25,69.327,14,0.5,12,40,24,74,6.07244,1.22628,1.05109,2.10219,3.50365,8.67153
Allie Smith - 3v3,0:35:07,158.2536,13,0.38462,10,46,38,145,4.50589,0.37014,0.28473,1.08196,1.30974,4.81187
Allie Smith - Cecil,0:06:19,46.00576,8,0.125,3,7,5,32,7.26598,1.26349,0.47381,0.78968,1.10555,5.84364
Allie Smith - Centre Pass,0:11:36,33.2907,4,0,2,8,2,8,2.8682,0.34462,0.17231,0.17231,0.68925,0.94772
Allie Smith - Circle Entry,0:14:34,58.50071,7.33333,0.34091,9.66667,23.83333,16.5,60.66667,4.01442,0.50323,0.66334,1.13226,1.63549,4.7349
Allie Smith - Conditioning,0:25:34,304.54041,0,n/a,9,10,12,70,11.91162,0,0.35202,0.46936,0.39113,3.67666
Allie Smith - Defensive Technique,0:22:32,82.30228,14.5,0.34483,11,19.5,23.5,68.5,3.65213,0.64343,0.48812,1.0428,0.8653,3.72747
Allie Smith - End to End,0:09:30,69.78916,14,0.71429,6.5,30,17.5,75,7.34513,1.47346,0.68411,1.84183,3.15742,9.15653
Allie Smith - Finisher,0:07:56,60.85885,10.4,0.48077,4.2,28,18.6,32.6,7.66703,1.3102,0.52912,2.34324,3.52746,4.88805
Allie Smith - Finisher Mid Only,0:07:18,61.5348,11,0.18182,9,12,13,56,8.42808,1.50661,1.23268,1.78054,1.64357,12.60073
Allie Smith - Footwork Drill,0:18:06,116.75655,17.66667,0.56604,20,36.25,40.5,110.25,6.4499,0.97595,1.10485,2.23731,2.00253,7.01577
Allie Smith - Full Court Transition,0:17:43,104.59659,7.5,0.53333,9.5,18.5,16,71,5.90108,0.42313,0.53597,0.90268,1.04372,4.79549
Allie Smith - Half Court Transitition,0:14:29,83.21826,10,0.2,9,20,31,74,5.74579,0.69045,0.6214,2.14039,1.3809,6.14499
Allie Smith - Intercept,0:08:32,53.48818,6.66667,0.15,9,14.66667,13.33333,54,6.25975,0.7802,1.05327,1.56041,1.71645,7.37292
Allie Smith - Long Line Passing,0:14:10,70.64221,7.33333,0.09091,9,26.33333,8.33333,38.33333,4.9826,0.51724,0.6348,0.58777,1.85737,2.89185
Allie Smith - MAS,0:12:32,187.55629,0,n/a,0,5,0,54,14.9646,0,0,0,0.39894,5.98404
Allie Smith - Match Sim,0:41:05,353.07593,31.57143,0.47059,40,93,100.14286,276.14286,8.59213,0.76829,0.9734,2.43698,2.26316,7.45001
Allie Smith - Mid Court to Goal (thin),0:22:14,114.22525,17,0.41176,25,26,40,137,5.13757,0.76462,1.12444,1.7991,1.16942,7.01649
Allie Smith - Passing Drill,0:11:56,91.69601,10,0.37778,15.66667,28.33333,29.55556,93.55556,7.68246,0.83782,1.31258,2.47622,2.37382,8.84364
Allie Smith - Specialist Def,0:15:26,59.34942,14.33333,0.48837,6.33333,15.33333,16.66667,58,3.84277,0.92806,0.41007,1.07914,0.99281,4.40288
Allie Smith - Specialist Drill,0:18:59,67.95863,8.5,0.52941,8.5,18.5,17,54.5,3.57941,0.4477,0.4477,0.8954,0.9744,3.39724
Allie Smith - Specialist Fwd,0:24:47,102.73563,12,0.08333,10,29,15,50,4.14535,0.4842,0.4035,0.60525,1.17014,2.34028
Allie Smith - Specialist Mid,0:17:07,79.69986,9,0.11111,11.5,29.5,23.5,57,4.65208,0.52533,0.67126,1.3717,1.72192,3.82324
Allie Smith - Sprints,0:03:04,32.50209,0,n/a,0,0,0,13,10.59851,0,0,0,0,4.56522
Allie Smith - Suicides,0:01:31,26.89685,0,n/a,8,15,5,17,17.73419,0,5.27473,3.2967,9.89011,11.20879
Allie Smith - Throw In,0:31:19,186.66611,19,0.31579,16.5,30,36.5,108.5,5.96008,0.60665,0.52683,1.16541,0.95787,4.13482
Allie Smith - Warm Up,0:08:04,46.09302,10,0.5,1,9.42857,9.64286,11,5.71087,1.23899,0.1239,1.19474,1.16819,1.49563
Allie Smith - Zone,0:42:24,170.50682,16,0.1875,15.5,43.5,45,130.5,4.02004,0.37723,0.36544,1.06097,1.0256,3.7959
Caitlin Thwaites - 15 on - 15 off,0:16:52,295.05353,0,n/a,0,3,0,12,17.49139,0,0,0,0.17785,1.0078
Caitlin Thwaites - 20 Point Thrown In,0:33:57,236.80402,22,0.63636,42,64,79,333,6.9719,0.64772,1.23655,2.32589,1.88426,11.77666
Caitlin Thwaites - 2v1 Open Space,0:01:59,28.92441,1,0,6,6,10,34,14.52393,0.50213,3.0128,5.02134,3.0128,22.0939
Caitlin Thwaites - 2v2,0:08:28,25.54861,1,1,4,3,17,41,3.01755,0.11811,0.47244,2.00787,0.35433,5.43307
Caitlin Thwaites - 2v2 Open Space,0:05:08,25.32474,2,0.5,5.5,11,8,35.5,4.92595,0.38902,1.06981,1.55609,2.13963,9.14204
Caitlin Thwaites - 3 Feed and Shoot Drill,0:11:25,50.16309,11,0.63636,11,16,17,69,4.39385,0.9635,0.9635,1.48905,1.40146,7.27007
Caitlin Thwaites - 3v3,0:35:07,112.07381,17,0.58824,25,37,26,143,3.19103,0.48403,0.71181,0.74029,1.05349,4.86881
Caitlin Thwaites - Cecil,0:06:19,31.96764,4,0.75,3,4,7,31,5.04885,0.63175,0.47381,1.10555,0.63175,6.9492
Caitlin Thwaites - Centre Pass,0:16:42,106.56153,10.5,0.33333,15,28.5,28,117.5,6.3808,0.62873,0.89819,1.67661,1.70655,8.83216
Caitlin Thwaites - Circle Entry,0:16:58,64.42257,11.875,0.63158,11.625,17.75,20.625,84.5,3.79361,0.69928,0.68455,1.21453,1.04523,6.24932
Caitlin Thwaites - Conditioning,0:30:10,364.36825,4,0,1,5.5,4,13,12.07314,0.13254,0.03313,0.13254,0.18224,0.71239
Caitlin Thwaites - Defensive Technique,0:30:11,98.01949,9,0.66667,10,15,33,111,3.24702,0.29814,0.33126,1.09317,0.49689,4.60455
Caitlin Thwaites - End to End,0:08:23,53.24825,13.66667,0.78049,8,17.33333,20.66667,59.66667,6.34008,1.62724,0.95253,2.46071,2.06382,9.48563
Caitlin Thwaites - Finisher,0:09:00,57.4254,3.25,0.53846,3.75,19.25,25.25,43.5,6.3767,0.36089,0.41641,2.80384,2.13758,6.52379
Caitlin Thwaites - Footwork Drill,0:16:46,95.14428,11.14286,0.58974,10.78571,20.71429,33.35714,101.92857,5.67179,0.66425,0.64296,1.9885,1.23483,7.85608
Caitlin Thwaites - Full Court Transition,0:17:43,72.17241,5,0.7,6.5,15.5,16,79,4.07179,0.28209,0.36671,0.90268,0.87447,6.03667
Caitlin Thwaites - Half Court Transitition,0:14:29,57.7825,12,0.75,9,15,26,68,3.98959,0.82854,0.6214,1.79517,1.03567,6.62831
Caitlin Thwaites - Intercept,0:08:32,49.91213,2.66667,0,6,13.66667,14.33333,63.66667,5.84124,0.31208,0.70218,1.67744,1.59942,9.79156
Caitlin Thwaites - Long Line Passing,0:14:10,58.48354,2.66667,0.5,4.33333,6.33333,16,54.33333,4.12501,0.18809,0.30564,1.12853,0.44671,5.3605
Caitlin Thwaites - MAS,0:12:32,192.02901,0,n/a,0,2,3,4,15.32146,0,0,0.23936,0.15957,1.03723
Caitlin Thwaites - Match Sim,0:43:01,290.4094,32.5,0.40513,31.83333,60,81.66667,379.5,6.74885,0.75527,0.73978,1.89786,1.39435,10.94174
Caitlin Thwaites - Mid Court to Goal (thin),0:22:14,95.66628,13,0.53846,28,29,34,134,4.30283,0.58471,1.25937,1.52924,1.30435,7.73613
Caitlin Thwaites - Passing Drill,0:12:08,89.8496,8.77778,0.43038,9,14.55556,26,93.55556,7.40108,0.72304,0.74135,2.14167,1.19897,9.8297
Caitlin Thwaites - Specialist Drill,0:17:54,64.34524,9,0.88889,10,14,26,72,3.59364,0.50264,0.55849,1.45208,0.78189,4.57964
Caitlin Thwaites - Specialist Fwd,0:15:08,67.94774,9.2,0.54348,12,19.6,24,89.2,4.48796,0.60766,0.7926,1.5852,1.29458,7.41083
Caitlin Thwaites - Sprints,0:03:04,25.80667,0,n/a,0,0,0,0,8.41522,0,0,0,0,0
Caitlin Thwaites - Suicides,0:01:31,24.19489,0,n/a,1,8,7,14,15.95267,0,0.65934,4.61538,5.27473,12.52747
Caitlin Thwaites - Throw In,0:31:19,169.31411,7,0.42857,8.5,15.5,37.5,141.5,5.40604,0.2235,0.2714,1.19734,0.4949,5.95477
Caitlin Thwaites - Warm Up,0:07:48,44.03323,7.64286,0.6729,1.14286,10.78571,14.92857,19.28571,5.64412,0.97965,0.14649,1.91353,1.3825,2.65513
Caitlin Thwaites - Warm Up Fwd,0:07:56,42.77347,5.5,1,3,15,12,19.5,5.38873,0.69291,0.37795,1.5118,1.88974,2.77162
Caitlin Thwaites - Zone,0:42:24,161.87136,20.5,0.4878,17.5,29.5,40.5,200,3.81645,0.48333,0.4126,0.95487,0.69552,5.89426
Elizabeth Watson - 15 on - 15 off,0:16:48,390.40085,0,n/a,0,2,2,2,23.22064,0,0,0.11896,0.11896,0.11896
Elizabeth Watson - 20 Point Thrown In,0:33:57,295.53149,19,0.42105,25,56,104,193,8.70093,0.55939,0.73604,3.06193,1.64873,7.00711
Elizabeth Watson - 2v1 Open Space,0:04:09,60.27106,2,0,5,18,20,50,14.4749,0.48033,1.20082,4.80327,4.32294,14.16964
Elizabeth Watson - 2v2,0:08:28,43.81305,2,0.5,2,7,7,41,5.17477,0.23622,0.23622,0.82677,0.82677,6.02362
Elizabeth Watson - 2v2 Open Space,0:05:25,32.82165,1,0.5,2,8.5,10,19,6.04311,0.18412,0.36824,1.8412,1.56502,4.60299
Elizabeth Watson - 3 Feed and Shoot Drill,0:11:25,34.16223,2,0.5,0,1,9,16,2.99231,0.17518,0,0.78832,0.08759,1.22628
Elizabeth Watson - 3v3,0:35:07,129.06848,7,0.42857,11,25,43,86,3.67491,0.19931,0.3132,1.22432,0.71181,2.93268
Elizabeth Watson - Cecil,0:06:19,43.94555,1,1,1,3,7,17,6.9406,0.15794,0.15794,1.10555,0.47381,3.79047
Elizabeth Watson - Centre Pass,0:16:42,115.07259,6,0.41667,5,20.5,22,61.5,6.89044,0.35927,0.2994,1.31734,1.22752,4.52087
Elizabeth Watson - Circle Entry,0:17:21,64.14774,6.71429,0.70213,4.57143,8.85714,17.42857,44.42857,3.6951,0.38676,0.26333,1.00394,0.5102,2.80609
Elizabeth Watson - Conditioning,0:30:02,443.90569,4,0.5,0.5,7.5,4.5,8.5,14.77814,0.13316,0.01665,0.14981,0.24968,0.29962
Elizabeth Watson - Defensive Technique,0:22:32,73.58752,8,0.5,7,11,18.5,51.5,3.26542,0.355,0.31062,0.82093,0.48812,2.66248
Elizabeth Watson - End to End,0:08:23,58.81187,8.66667,0.76923,2.33333,11.66667,13.66667,41,7.00253,1.03191,0.27782,1.62724,1.38911,6.07239
Elizabeth Watson - Finisher,0:07:56,53.27618,4,0.4,2.8,8,5.2,23.6,6.71176,0.50392,0.35275,0.6551,1.00784,3.55265
Elizabeth Watson - Finisher Mid Only,0:07:18,68.49238,1,0,2,8,24,70,9.38102,0.13696,0.27393,3.28715,1.09572,9.86144
Elizabeth Watson - Footwork Drill,0:16:51,107.19144,10.42857,0.84247,8.64286,16.07143,25.28571,87.85714,6.36121,0.61888,0.51291,1.50057,0.95375,6.13791
Elizabeth Watson - Full Court Transition,0:14:29,85.98528,4.5,0.55556,4.5,10,16.5,41,5.93568,0.31064,0.31064,1.13902,0.69031,3.62415
Elizabeth Watson - Half Court Transitition,0:14:29,83.13596,4,0.25,7,14,35,68,5.74011,0.27618,0.48331,2.41657,0.96663,5.17837
Elizabeth Watson - Intercept,0:08:32,56.93633,2,0.33333,1.66667,12,19.33333,38.33333,6.66329,0.23406,0.19505,2.26259,1.40437,4.87627
Elizabeth Watson - Long Line Passing,0:14:10,82.29599,3,0.44444,7,14,16.33333,42,5.80458,0.2116,0.49373,1.15204,0.98746,3.17398
Elizabeth Watson - MAS,0:17:28,371.47249,0,n/a,0,1,0.5,2.5,21.26751,0,0,0.02863,0.05725,0.1145
Elizabeth Watson - Match Sim,0:43:58,401.92531,27.25,0.60092,22.25,60,103.875,260.25,9.13961,0.61965,0.50596,2.36207,1.36437,6.78492
Elizabeth Watson - Mid Court to Goal (thin),0:22:14,122.72845,8,0.875,13,23,43,113,5.52002,0.35982,0.58471,1.93403,1.03448,6.02699
Elizabeth Watson - Passing Drill,0:11:07,90.72105,5.8,0.53448,5.9,11.4,23.5,65.2,8.14963,0.52102,0.53001,2.11105,1.02408,7.34824
Elizabeth Watson - Specialist Drill,0:18:59,105.64997,5.5,0.54545,4,9.5,25.5,73,5.56463,0.28969,0.21068,1.34309,0.50037,4.55599
Elizabeth Watson - Specialist Fwd,0:24:47,103.99922,7,0.85714,3,14,12,25,4.19634,0.28245,0.12105,0.4842,0.5649,1.29119
Elizabeth Watson - Specialist Mid,0:17:23,102.1734,8.6,0.5814,3.4,13.8,25.4,66.8,5.87333,0.49436,0.19545,1.46009,0.79328,4.50674
Elizabeth Watson - Sprints,0:03:04,36.52892,0,n/a,0,3,0,0,11.91161,0,0,0,0.97826,0
Elizabeth Watson - Suicides,0:01:31,24.45416,0,n/a,1,3,3,20,16.12362,0,0.65934,1.97802,1.97802,19.12088
Elizabeth Watson - Throw In,0:31:19,196.92627,10.5,0.57143,9.5,15.5,30.5,74.5,6.28767,0.33526,0.30333,0.97384,0.4949,2.87362
Elizabeth Watson - Warm Up,0:08:07,49.98754,6.75,0.58333,0.6875,6.1875,5.0625,9.5,6.15367,0.83095,0.08463,0.62321,0.76171,1.13871
Elizabeth Watson - Zone,0:42:24,197.24348,11,0.40909,10,33.5,45.5,110,4.65042,0.25935,0.23577,1.07275,0.78983,2.95892
Elle McDonald - 20 Point Thrown In,0:33:57,280.48962,16,0.8125,30,54,82,237,8.25807,0.47107,0.88325,2.41421,1.58985,8.36143
Elle McDonald - 2v2,0:11:22,49.56378,2,0.5,5,10,11,50,4.36045,0.17595,0.43988,0.96774,0.87977,5.01466
Elle McDonald - 3 Feed and Shoot Drill,0:11:25,30.362,6,1,2,1,3,22,2.65945,0.52555,0.17518,0.26277,0.08759,2.27737
Elle McDonald - 3v3,0:35:07,154.67851,10,0.6,16,21,36,123,4.4041,0.28473,0.45556,1.02501,0.59792,4.81187
Elle McDonald - Circle Entry,0:08:01,29.42636,6.66667,0.85,3,3.66667,4,23.66667,3.66557,0.83045,0.3737,0.49827,0.45675,3.44637
Elle McDonald - Conditioning,0:25:29,281.28539,0,n/a,0,10,1,1,11.03801,0,0,0.03924,0.39241,0.03924
Elle McDonald - Defensive Technique,0:30:11,126.87264,23,0.86957,14,22,35,105,4.20282,0.7619,0.46377,1.15942,0.72878,4.04141
Elle McDonald - End to End,0:09:30,65.23945,15.5,0.96774,5,13.5,19,69,6.86629,1.63134,0.52624,1.9997,1.42084,8.31455
Elle McDonald - Finisher,0:07:14,40.1178,5,0.6,0.66667,4.66667,4,27.33333,5.54198,0.69071,0.0921,0.55257,0.64467,3.91404
Elle McDonald - Finisher Mid Only,0:07:18,73.59629,3,0.33333,4,8,18,86,10.08007,0.41089,0.54786,2.46536,1.09572,14.2443
Elle McDonald - Footwork Drill,0:19:00,109.40516,15.44444,0.8777,14.77778,31.55556,28.33333,101.44444,5.75813,0.81286,0.77777,1.49122,1.66081,6.18125
Elle McDonald - Full Court Transition,0:17:43,124.73296,8.5,0.52941,13,27,22,98,7.03712,0.47955,0.73343,1.24118,1.52327,6.51622
Elle McDonald - Half Court Transitition,0:14:29,92.88818,5,0,19,18,42,88,6.41345,0.34522,1.31185,2.89988,1.24281,6.83544
Elle McDonald - Intercept,0:07:40,29.65625,0.5,0,2,8.5,7,19.5,3.86401,0.06515,0.26059,0.91205,1.10749,2.73616
Elle McDonald - Long Line Passing,0:14:10,85.97255,5.66667,0.35294,5.33333,16.33333,14.33333,72.66667,6.06389,0.39969,0.37618,1.01097,1.15204,5.9953
Elle McDonald - MAS,0:17:41,231.97398,0,n/a,0,8.5,4,2.5,13.11823,0,0,0.2262,0.48068,0.14138
Elle McDonald - Match Sim,0:49:09,419.45895,28.25,0.63717,41.75,84.75,102.25,325.5,8.53187,0.57461,0.8492,2.07978,1.72383,7.78012
Elle McDonald - Mid Court to Goal (thin),0:22:14,129.26907,10,0.7,27,24,49,146,5.8142,0.44978,1.21439,2.2039,1.07946,8.18591
Elle McDonald - Passing Drill,0:09:32,68.84599,6.28571,0.77273,5,15.85714,16,58.14286,7.21323,0.65858,0.52387,1.67637,1.66141,7.55865
Elle McDonald - Specialist Drill,0:18:59,107.08954,4.5,0.88889,10.5,18.5,29.5,123,5.64045,0.23702,0.55304,1.55378,0.9744,7.1105
Elle McDonald - Specialist Mid,0:15:32,104.41334,11.25,0.68889,11,24.75,27.75,110.75,6.71495,0.7235,0.70742,1.78464,1.5917,8.74633
Elle McDonald - Sprints,0:03:04,29.3123,0,n/a,0,3,0,0,9.55836,0,0,0,0.97826,0
Elle McDonald - Suicides,0:07:43,37.57875,0,n/a,0.5,4.5,3,8.5,4.86456,0,0.06472,0.38835,0.58252,1.87702
Elle McDonald - Throw In,0:49:06,212.52106,6,0.66667,18,21,16,89,4.32833,0.1222,0.3666,0.32587,0.4277,2.28106
Elle McDonald - Warm Up,0:07:38,34.37505,6.33333,0.5,0.41667,5,4,6.08333,4.49445,0.82807,0.05448,0.52299,0.65374,1.0024
Elle McDonald - Zone,0:42:03,154.46884,11,0.54545,18,32,50,133,3.67331,0.26158,0.42804,1.18901,0.76097,3.80484
Emily Mannix - 15 on - 15 off,0:16:52,285.58093,0,n/a,0,17,2,14,16.92984,0,0,0.11856,1.0078,0.94851
Emily Mannix - 20 Point Thrown In,0:33:57,251.22974,29,0.48276,44,97,74,240,7.39662,0.85381,1.29543,2.17868,2.85584,9.42132
Emily Mannix - 2v1 Open Space,0:02:15,29.5306,2,0,6,12,9,33,13.09851,0.88711,2.66134,3.99202,5.32269,17.74229
Emily Mannix - 2v2,0:08:28,45.04144,8,0.5,11,18,13,59,5.31986,0.94488,1.29921,1.53543,2.12598,8.14961
Emily Mannix - 2v2 Open Space,0:05:19,35.44428,10,0.2,8.5,12,9.5,40,6.65829,1.87852,1.59674,1.7846,2.25423,10.51972
Emily Mannix - 3 Feed and Shoot Drill,0:11:25,66.18347,17,0.47059,14,37,26,82,5.79709,1.48905,1.22628,2.27737,3.24088,8.75912
Emily Mannix - 3v3,0:35:07,148.47656,19,0.42105,19,36,32,124,4.22751,0.54098,0.54098,0.91112,1.02501,4.61256
Emily Mannix - Cecil,0:06:19,37.3702,1,1,6,11,3,25,5.90211,0.15794,0.94762,0.47381,1.7373,6.15952
Emily Mannix - Centre Pass,0:16:42,116.56964,9,0.38889,14.5,41,39.5,106,6.98008,0.53891,0.86825,2.36522,2.45504,7.93397
Emily Mannix - Circle Entry,0:18:33,85.74086,11.57143,0.64198,14.85714,31.42857,32.57143,79.28571,4.62138,0.62369,0.80079,1.75558,1.69398,5.15895
Emily Mannix - Conditioning,0:30:10,341.63565,2,0,2,22,6,12.5,11.3199,0.06627,0.06627,0.19881,0.72896,0.46388
Emily Mannix - Defensive Technique,0:30:11,112.25212,29,0.37931,14,22,35,97,3.7185,0.96066,0.46377,1.15942,0.72878,4.37267
Emily Mannix - End to End,0:08:23,59.08587,14.33333,0.81395,5.33333,25,23,49.33333,7.03515,1.70662,0.63502,2.73853,2.97666,6.62804
Emily Mannix - Finisher,0:09:00,51.85807,2,0.5,6.75,13.25,10.25,30.25,5.75849,0.22209,0.74954,1.13819,1.47132,4.52501
Emily Mannix - Footwork Drill,0:15:18,91.92832,17.53846,0.67105,11.53846,30.76923,23.92308,85.38462,6.00512,1.14568,0.75374,1.56275,2.00997,6.91428
Emily Mannix - Full Court Transition,0:24:31,113.29649,7,0.57143,4,34,13,46,4.6212,0.28552,0.16315,0.53025,1.38681,2.56968
Emily Mannix - Half Court Transitition,0:14:29,89.46487,9,0.33333,10,37,28,83,6.17709,0.6214,0.69045,1.93326,2.55466,7.04258
Emily Mannix - Intercept,0:09:16,63.27035,6.5,0.07692,10,16.5,16,60.5,6.82123,0.70077,1.07811,1.72497,1.77888,8.19363
Emily Mannix - Long Line Passing,0:14:10,65.66017,2.66667,0.125,6.33333,17.66667,8.66667,42,4.6312,0.18809,0.44671,0.61129,1.24608,4.25549
Emily Mannix - MAS,0:12:32,162.31336,0,n/a,0,6,0,0,12.95053,0,0,0,0.47872,0.07979
Emily Mannix - Match Sim,0:44:57,288.15993,37.66667,0.50442,30.33333,89,86.33333,245.16667,6.40926,0.83778,0.67467,1.92023,1.97954,7.1471
Emily Mannix - Mid Court to Goal (thin),0:22:14,108.37616,16,0.375,9,53,43,109,4.87449,0.71964,0.4048,1.93403,2.38381,5.84708
Emily Mannix - Passing Drill,0:12:57,96.39505,14.71429,0.54369,15,29.14286,28.85714,82,7.43658,1.13516,1.1572,2.22624,2.24828,8.35391
Emily Mannix - Specialist Def,0:14:17,46.70576,6.25,0.6,4.5,11.25,11.5,37.5,3.26709,0.43719,0.31478,0.80443,0.78694,3.48003
Emily Mannix - Specialist Drill,0:18:59,63.29995,7,0.64286,7.5,17.5,15.5,59,3.33403,0.36869,0.39503,0.81639,0.92173,3.95028
Emily Mannix - Specialist Fwd,0:24:47,117.28668,8,0.75,14,30,12,83,4.73248,0.3228,0.5649,0.4842,1.21049,3.71217
Emily Mannix - Specialist Mid,0:24:47,117.28668,8,0.75,14,30,12,83,4.73248,0.3228,0.5649,0.4842,1.21049,3.71217
Emily Mannix - Sprints,0:03:04,25.33441,0,n/a,0,4,0,0,8.26122,0,0,0,1.30435,0
Emily Mannix - Suicides,0:01:31,20.5528,0,n/a,9,18,5,13,13.55129,0,5.93407,3.2967,11.86813,10.54945
Emily Mannix - Throw In,0:31:19,149.81689,13,0.30769,8.5,27,16,59,4.78351,0.41508,0.2714,0.51087,0.86209,2.34679
Emily Mannix - Warm Up,0:08:04,43.0617,8.33333,0.512,0.66667,8.33333,5.66667,11,5.32995,1.03146,0.08252,0.70139,1.03146,1.68333
Emily Mannix - Zone,0:42:24,211.83625,28,0.26786,30.5,53.5,69.5,191,4.99447,0.66016,0.7191,1.6386,1.26137,5.76458
Jacqueline Newton - 15 on - 15 off,0:16:48,292.7847,0,n/a,0,14,0,2,17.41453,0,0,0,0.83271,1.01114
Jacqueline Newton - 2v1 Open Space,0:02:10,27.89323,3,0.33333,3,5,9,23,12.83234,1.38016,1.38016,4.14047,2.30026,12.42141
Jacqueline Newton - 2v2 Open Space,0:05:35,27.6391,1.5,0.33333,3,10,12.5,26,4.93563,0.26786,0.53572,2.23218,1.78574,5.00007
Jacqueline Newton - 3 Feed and Shoot Drill,0:11:25,19.41203,1,1,0,2,0,8,1.70032,0.08759,0,0,0.17518,1.22628
Jacqueline Newton - 3v3,0:35:07,152.00546,15,0.33333,12,38,46,116,4.32799,0.42709,0.34167,1.30974,1.08196,3.98616
Jacqueline Newton - Centre Pass,0:11:36,29.26266,0,n/a,0,1,0,1,2.52116,0,0,0,0.08616,0.34462
Jacqueline Newton - Circle Entry,0:15:20,50.25318,6,0.47222,5.16667,12.5,12.16667,44.83333,3.27729,0.39129,0.33695,0.79346,0.8152,3.44556
Jacqueline Newton - Conditioning,0:30:02,337.77513,3.5,0.42857,0.5,12,3.5,4.5,11.24493,0.11652,0.01665,0.11652,0.39949,0.43279
Jacqueline Newton - Defensive Technique,0:22:32,84.24832,11,0.54545,8.5,18,29.5,59.5,3.73849,0.48812,0.37718,1.30905,0.79874,3.48341
Jacqueline Newton - End to End,0:09:30,56.79317,11,0.63636,8.5,25,22,36,5.97734,1.15772,0.8946,2.31544,2.63119,5.36762
Jacqueline Newton - Finisher,0:09:16,64.73313,7,0.03571,6,13.75,9.25,30.5,6.98145,0.75495,0.6471,0.99761,1.48293,4.74538
Jacqueline Newton - Footwork Drill,0:19:30,93.33893,10.8,0.7037,7.8,30.2,32.4,66.8,4.81701,0.55354,0.39978,1.66062,1.54786,3.97729
Jacqueline Newton - Full Court Transition,0:14:32,63.62179,4,0.375,2.5,11.5,4.5,22,4.37539,0.27509,0.17193,0.30947,0.79088,2.2007
Jacqueline Newton - Half Court Transitition,0:14:29,80.94287,7,0.28571,5,23,37,70,5.58869,0.48331,0.34522,2.55466,1.58803,5.86881
Jacqueline Newton - Intercept,0:08:32,37.67733,2,0.5,4.66667,15,11,31.66667,4.4094,0.23406,0.54614,1.28734,1.75546,4.33013
Jacqueline Newton - Long Line Passing,0:14:10,47.72425,0.66667,0.5,2.66667,11.66667,4,21,3.36613,0.04702,0.18809,0.28213,0.82288,1.55172
Jacqueline Newton - MAS,0:12:27,166.90418,0,n/a,0,4,1,4,13.40596,0,0,0.08032,0.32129,0.40161
Jacqueline Newton - Match Sim,0:43:41,347.0594,25.66667,0.37662,26.83333,74.66667,112.66667,259.16667,7.94373,0.58748,0.61418,2.57879,1.70902,7.06115
Jacqueline Newton - Mid Court to Goal (thin),0:22:14,85.36713,10,0.4,18,34,39,74,3.8396,0.44978,0.8096,1.75412,1.52924,3.82309
Jacqueline Newton - Passing Drill,0:14:05,98.19982,7.33333,0.27273,8.66667,29.33333,30.66667,77.16667,6.97181,0.52064,0.6153,2.17721,2.08255,6.63814
Jacqueline Newton - Rehab Conditioning,1:10:14,482.18713,27.5,0.36364,26.5,93.5,101.5,230,6.86444,0.39149,0.37726,1.44496,1.33107,4.3847
Jacqueline Newton - Specialist Def,0:13:30,47.01884,6.4,0.5,2.2,9.2,12,40.4,3.48116,0.47384,0.16288,0.88845,0.68115,3.7463
Jacqueline Newton - Specialist Drill,0:18:59,59.72883,7,0.42857,4,10.5,18,45,3.14594,0.36869,0.21068,0.94807,0.55304,2.8442
Jacqueline Newton - Specialist Fwd,0:17:34,88.99841,4.5,0.22222,3,21,10.5,50,5.06632,0.25617,0.17078,0.59772,1.19545,3.55787
Jacqueline Newton - Specialist Mid,0:24:47,130.29578,6,0.16667,4,29,8,56,5.2574,0.2421,0.1614,0.3228,1.17014,2.90518
Jacqueline Newton - Sprints,0:03:04,27.59017,0,n/a,0,2,0,0,8.9968,0,0,0,0.65217,0
Jacqueline Newton - Suicides,0:01:31,22.64249,0,n/a,2,6,4,16,14.92911,0,1.31868,2.63736,3.95604,15.82418
Jacqueline Newton - Throw In,0:31:19,177.95071,6.5,0.46154,8,34.5,25.5,82.5,5.6818,0.20754,0.25543,0.81419,1.10155,3.41641
Jacqueline Newton - Warm Up,0:08:08,42.11489,8.07692,0.54286,0.53846,7.15385,4.76923,7,5.1758,0.99263,0.06618,0.58612,0.87919,1.07771
Joanna Weston - 20 Point Thrown In,0:33:57,279.64691,23,0.47826,25,52,47,220,8.23326,0.67716,0.73604,1.38376,1.53097,8.09645
Joanna Weston - 2v1 Open Space,0:02:21,34.87918,0,n/a,3,5,16,28,14.76367,0,1.26984,6.77249,2.1164,12.69841
Joanna Weston - 2v2,0:11:22,79.74097,16,0.6875,14,19,21,78,7.01533,1.40762,1.23167,1.84751,1.67155,9.7654
Joanna Weston - 2v2 Open Space,0:05:55,36.06656,7.5,0.33333,5.5,7,12,33,6.09541,1.26753,0.92953,2.02805,1.18303,6.84468
Joanna Weston - 3 Feed and Shoot Drill,0:11:25,87.5462,27,0.7037,10,34,23,69,7.66828,2.36496,0.87591,2.0146,2.9781,7.88321
Joanna Weston - 3v3,0:35:07,180.46143,13,0.69231,12,34,40,160,5.1382,0.37014,0.34167,1.1389,0.96807,5.35285
Joanna Weston - Cecil,0:06:19,40.51161,1,0,9,10,4,25,6.39825,0.15794,1.42143,0.63175,1.57936,5.2119
Joanna Weston - Centre Pass,0:16:42,116.2436,9,0.44444,9,14.5,34.5,95,6.96056,0.53891,0.53891,2.06583,0.86825,7.48488
Joanna Weston - Circle Entry,0:18:12,92.71911,14.14286,0.71717,9.42857,17.14286,22,84.85714,5.09027,0.77644,0.51763,1.2078,0.94114,5.90566
Joanna Weston - Conditioning,0:21:42,221.41963,5,0.1,1.5,7.5,4,10.5,10.20171,0.23037,0.06911,0.1843,0.34556,0.59896
Joanna Weston - Defensive Technique,0:30:11,131.19943,19,0.36842,17,24,35,148,4.34615,0.6294,0.56315,1.15942,0.79503,5.46584
Joanna Weston - End to End,0:06:15,48.08208,6.33333,0.57895,3.66667,11.33333,13.66667,36.33333,7.68112,1.01175,0.58575,2.18325,1.8105,6.39
Joanna Weston - Finisher,0:09:00,69.01746,6,0.33333,10.5,28.75,11.5,52,7.66392,0.66626,1.16595,1.277,3.19249,7.13453
Joanna Weston - Footwork Drill,0:16:46,113.08715,17.35714,0.44444,22.07143,34.28571,24.28571,114.78571,6.74141,1.0347,1.31573,1.44773,2.04386,8.00512
Joanna Weston - Full Court Transition,0:17:43,101.05933,7,0.57143,10.5,15,16,75,5.70151,0.39492,0.59238,0.90268,0.84626,5.07757
Joanna Weston - Half Court Transitition,0:14:29,93.81323,8,0.375,4,9,25,103,6.47732,0.55236,0.27618,1.72612,0.6214,9.52819
Joanna Weston - Intercept,0:08:32,59.63233,4.66667,0.21429,4.66667,15.66667,13,58,6.9788,0.54614,0.54614,1.5214,1.83348,7.99709
Joanna Weston - Long Line Passing,0:14:10,71.34635,3.66667,0.36364,11.66667,31,6.66667,39.33333,5.03227,0.25862,0.82288,0.47022,2.18652,3.10345
Joanna Weston - MAS,0:12:27,201.06187,0,n/a,0,5,0,8,16.14955,0,0,0,0.40161,0.88353
Joanna Weston - Match Sim,0:46:59,387.52294,35.71429,0.36,42.14286,64.85714,84.85714,327.85714,8.24722,0.76007,0.89688,1.80592,1.38028,8.75902
Joanna Weston - Mid Court to Goal (thin),0:22:14,135.32921,15,0.53333,19,30,27,136,6.08677,0.67466,0.85457,1.21439,1.34933,6.88156
Joanna Weston - Passing Drill,0:12:08,96.36629,10.66667,0.32292,17.22222,22.11111,26.55556,96.88889,8.41967,0.87863,1.41863,2.18743,1.82133,9.24395
Joanna Weston - Specialist Def,0:14:17,58.13293,9.75,0.25641,5.5,9.75,12.25,55.25,4.06642,0.68202,0.38473,0.85689,0.68202,4.86156
Joanna Weston - Specialist Drill,0:18:59,69.23715,6.5,0.69231,7.5,7,11.5,60,3.64675,0.34236,0.39503,0.60571,0.36869,4.58232
Joanna Weston - Specialist Fwd,0:24:47,135.9201,10,0.4,6,27,15,59,5.48434,0.4035,0.2421,0.60525,1.08944,2.74378
Joanna Weston - Specialist Mid,0:24:47,135.9201,10,0.4,6,27,15,59,5.48434,0.4035,0.2421,0.60525,1.08944,2.74378
Joanna Weston - Sprints,0:03:04,27.96503,0,n/a,0,2,0,0,9.11903,0,0,0,0.65217,0
Joanna Weston - Suicides,0:01:31,25.84302,0,n/a,7,11,3,27,17.03935,0,4.61538,1.97802,7.25275,17.14286
Joanna Weston - Throw In,0:31:19,192.2669,11.5,0.21739,23,28.5,18,107,6.1389,0.36718,0.73437,0.57472,0.90998,3.89535
Joanna Weston - Warm Up,0:08:07,45.16162,10.9375,0.64571,0.625,8.4375,7.625,10.25,5.56258,1.34718,0.07698,0.93917,1.03925,1.47804
Joanna Weston - Zone,0:42:24,222.57847,32,0.39063,24,28,45.5,222.5,5.24774,0.75446,0.56585,1.07275,0.66016,6.81376
Jordan Cransberg - 2v2 Open Space,0:08:57,33.3849,2,0.5,3,6,9,29,3.72606,0.22322,0.33483,1.00448,0.66966,4.01793
Jordan Cransberg - Centre Pass,0:11:36,63.06577,4,0,1,1,13,35,5.4335,0.34462,0.08616,1.12003,0.08616,3.01547
Jordan Cransberg - Circle Entry,0:25:29,79.79228,6,0.33333,9,15,18,81,3.13085,0.23542,0.35314,0.70627,0.58856,3.68832
Jordan Cransberg - Footwork Drill,0:13:30,53.75721,0,n/a,14,6,2,58,3.98,0,1.03651,0.14807,0.44422,4.73834
Jordan Cransberg - Intercept,0:10:17,90.34766,7,0.28571,8,13,20,75,8.78498,0.68065,0.77788,1.94471,1.26406,8.36223
Jordan Cransberg - MAS,0:16:19,283.6245,0,n/a,0,0.5,0,1,17.36946,0,0,0,0.03062,0.06124
Jordan Cransberg - Match Sim,0:38:33,231.88298,11,0.27273,9,26,49,180,6.01356,0.28527,0.2334,1.27075,0.67427,5.42012
Jordan Cransberg - Suicides,0:04:37,43.17618,0,n/a,0,0,1,3,9.35224,0,0,0.21661,0,0.86643
Kadie Ann Dehaney - 15 on - 15 off,0:11:48,171.02582,0,n/a,0,4,0,1,14.48185,0,0,0,0.33871,0.25403
Kadie Ann Dehaney - 2v1 Open Space,0:02:05,31.15027,5,0.6,0,3,15,34,14.83935,2.3819,0,7.14569,1.42914,16.67328
Kadie Ann Dehaney - 2v2 Open Space,0:05:10,24.97049,1.5,0,3,4.5,7.5,25.5,4.82848,0.29005,0.5801,1.45026,0.87015,5.99439
Kadie Ann Dehaney - Centre Pass,0:11:36,30.56857,0,n/a,0,0,0,3,2.63367,0,0,0,0,0.34462
Kadie Ann Dehaney - Circle Entry,0:19:27,75.38278,7.5,0.8,8.5,22.5,27,71.5,3.87547,0.38558,0.43699,1.38809,1.15674,4.44701
Kadie Ann Dehaney - Conditioning,0:27:34,269.05779,5,0,1,9.5,5.5,8.5,9.75619,0.1813,0.03626,0.19943,0.34448,0.38074
Kadie Ann Dehaney - Defensive Technique,0:22:32,89.09481,9,0.61111,8.5,18.5,27.5,94,3.95355,0.39937,0.37718,1.2203,0.82093,4.72589
Kadie Ann Dehaney - Finisher,0:03:40,33.43019,2,0,1,11,8,25,9.11732,0.54545,0.27273,2.18182,3,6.27273
Kadie Ann Dehaney - Footwork Drill,0:14:27,84.50026,12.5,0.76,8.5,23.33333,21.33333,75.66667,5.84678,0.86491,0.58814,1.47611,1.61449,6.27345
Kadie Ann Dehaney - Intercept,0:10:17,85.25703,3,0.66667,10,20,33,64,8.28999,0.29171,0.97235,3.20876,1.94471,7.09818
Kadie Ann Dehaney - MAS,0:12:32,108.67752,0,n/a,0,5,0,1,8.67108,0,0,0,0.39894,0.07979
Kadie Ann Dehaney - Match Sim,0:40:14,256.3524,26.25,0.65714,23,77,60,216,6.37142,0.65242,0.57165,1.49125,1.91377,6.82867
Kadie Ann Dehaney - Passing Drill,0:09:05,88.12948,6,0.66667,8,19,19.66667,52,9.69877,0.66031,0.88041,2.16434,2.09098,8.25385
Kadie Ann Dehaney - Specialist Def,0:15:29,61.77274,8.5,0.58824,7,17,21,62,3.98963,0.54898,0.4521,1.3563,1.09795,4.74704
Kadie Ann Dehaney - Specialist Drill,0:20:04,105.03169,6,0.66667,7,21,15,91,5.23414,0.299,0.34884,0.74751,1.04651,5.98007
Kadie Ann Dehaney - Specialist Fwd,0:17:34,107.58476,4,0.75,8.5,20.5,17,49.5,6.12437,0.2277,0.48387,0.96774,1.16698,3.47249
Kadie Ann Dehaney - Specialist Mid,0:24:47,168.73488,4,0.5,14,29,21,69,6.8084,0.1614,0.5649,0.84734,1.17014,3.30868
Kadie Ann Dehaney - Sprints,0:03:04,26.50061,0,n/a,0,4,0,0,8.6415,0,0,0,1.30435,0
Kadie Ann Dehaney - Throw In,0:49:06,222.05917,3,0,7,27,20,62,4.52259,0.0611,0.14257,0.40733,0.5499,1.79226
Kadie Ann Dehaney - Warm Up,0:08:05,47.5065,5.66667,0.70588,1.5,8.16667,5.66667,12,5.87203,0.70043,0.18541,0.70043,1.00944,1.70987
Kadie Ann Dehaney - Zone,0:42:03,177.28822,4,1,10,45,23,100,4.21596,0.09512,0.2378,0.54695,1.07011,3.28168
Kate Moloney - 15 on - 15 off,0:16:48,346.35272,0,n/a,0,39,0,22,20.6007,0,0,0,2.31968,2.5576
Kate Moloney - 20 Point Thrown In,0:33:57,298.33389,37,0.45946,20,43,62,252,8.78344,1.08934,0.58883,1.82538,1.26599,9.59797
Kate Moloney - 2v1 Open Space,0:02:28,32.1162,0,n/a,7,5,4,30,12.96489,0,2.82581,1.61475,2.01844,14.53273
Kate Moloney - 2v2,0:11:22,51.08749,3,0.66667,7,23,18,48,4.4945,0.26393,0.61584,1.58358,2.02346,4.39883
Kate Moloney - 2v2 Open Space,0:06:18,48.6924,4.5,0.44444,8.5,12,14.5,44.5,7.86566,0.71291,1.34661,2.29715,1.90109,8.63412
Kate Moloney - 3 Feed and Shoot Drill,0:11:25,39.88928,4,0.5,1,2,11,12,3.49395,0.35036,0.08759,0.9635,0.17518,2.18978
Kate Moloney - 3v3,0:35:07,184.85236,24,0.25,11,42,43,156,5.26322,0.68334,0.3132,1.22432,1.19585,4.81187
Kate Moloney - Cecil,0:06:19,35.90971,3,0.66667,6,8,5,26,5.67145,0.47381,0.94762,0.78968,1.26349,5.2119
Kate Moloney - Centre Pass,0:16:42,131.87465,13,0.23077,8.5,25.5,27.5,102.5,7.89653,0.77843,0.50897,1.64667,1.52692,8.26331
Kate Moloney - Circle Entry,0:17:01,61.08632,7.28571,0.47059,5.85714,15,9.85714,48.85714,3.58864,0.42801,0.34409,0.57908,0.88121,3.65071
Kate Moloney - Conditioning,0:30:02,407.72804,3.5,0.85714,0.5,32.5,0.5,20,13.57374,0.11652,0.01665,0.01665,1.08196,1.19848
Kate Moloney - Defensive Technique,0:22:32,84.56325,10,0.9,13,13.5,19.5,64,3.75246,0.44375,0.57687,0.8653,0.59906,3.68309
Kate Moloney - End to End,0:08:23,64.03034,15.33333,0.5,5,23.33333,10,45.33333,7.62387,1.82569,0.59533,1.19067,2.77822,7.89808
Kate Moloney - Finisher,0:07:56,63.47519,4.2,0.47619,3.8,26,10.6,32.2,7.99664,0.52912,0.47873,1.33539,3.27549,6.09746
Kate Moloney - Finisher Mid Only,0:07:18,73.86695,7,0,20,15,8,80,10.11714,0.95875,2.73929,1.09572,2.05447,17.80537
Kate Moloney - Footwork Drill,0:17:02,107.86897,18.28571,0.57422,18.92857,31.42857,25.21429,103.14286,6.32826,1.07275,1.11047,1.47923,1.84379,7.6727
Kate Moloney - Full Court Transition,0:17:43,113.89449,13.5,0.33333,9.5,20.5,20.5,86,6.42564,0.76164,0.53597,1.15656,1.15656,6.31876
Kate Moloney - Half Court Transitition,0:14:29,112.35767,13,0.23077,13,22,31,123,7.75772,0.89758,0.89758,2.14039,1.51899,11.04718
Kate Moloney - Intercept,0:08:32,49.67529,2.66667,0.125,6,15,9,47.33333,5.81353,0.31208,0.70218,1.05327,1.75546,6.82678
Kate Moloney - Long Line Passing,0:12:11,64.81452,1.66667,0.2,9.66667,26.33333,5.66667,45,5.3162,0.1367,0.79288,0.46479,2.15991,4.48386
Kate Moloney - MAS,0:16:51,239.44178,0,n/a,0.5,7,0,5.5,14.20317,0,0.02966,0,0.41522,0.56352
Kate Moloney - Match Sim,0:41:58,392.31822,35.125,0.29893,32.125,77,84.875,315.75,9.34528,0.8367,0.76524,2.02178,1.83419,9.73371
Kate Moloney - Mid Court to Goal (thin),0:22:14,101.67889,10,0.4,22,16,28,87,4.57326,0.44978,0.98951,1.25937,0.71964,5.62219
Kate Moloney - Passing Drill,0:11:07,88.24361,9.1,0.40659,15.9,25,16,71.7,7.92708,0.81747,1.42833,1.43731,2.24579,9.07301
Kate Moloney - Specialist Drill,0:18:59,91.56855,8.5,0.35294,14,22.5,17,82,4.82295,0.4477,0.73739,0.8954,1.18508,5.37238
Kate Moloney - Specialist Fwd,0:24:47,115.12514,6,0.66667,8,19,9,60,4.64526,0.2421,0.3228,0.36315,0.76664,3.14728
Kate Moloney - Specialist Mid,0:17:23,106.84497,11.6,0.56897,13,29.2,22.2,93.2,6.14187,0.66681,0.74729,1.27614,1.67853,6.95556
Kate Moloney - Sprints,0:03:04,31.18859,0,n/a,0,4,0,0,10.17019,0,0,0,1.30435,0
Kate Moloney - Suicides,0:01:31,22.84863,0,n/a,5,10,0,20,15.06503,0,3.2967,0,6.59341,18.46154
Kate Moloney - Throw In,0:31:19,219.09677,11,0.5,13.5,36.5,28.5,107.5,6.99556,0.35122,0.43104,0.90998,1.16541,4.59779
Kate Moloney - Warm Up,0:08:07,45.57393,7.5,0.75,1.5,12.8125,3.375,12.375,5.61034,0.92328,0.18466,0.41548,1.57727,2.22357
Kate Moloney - Zone,0:42:24,199.63107,16.5,0.21212,11.5,39.5,38,150.5,4.70671,0.38902,0.27114,0.89593,0.93129,5.09264
Kate Eddy - 15 on - 15 off,0:16:52,282.548,0,n/a,0,2,0,0,16.75004,0,0,0,0.11856,0.17785
Kate Eddy - 20 Point Thrown In,0:33:57,274.28214,19,0.47368,18,50,94,215,8.07532,0.55939,0.52995,2.76751,1.47208,7.15432
Kate Eddy - 2v1 Open Space,0:02:47,39.13105,1,1,3,6,10,28,14.03805,0.35874,1.07623,3.58744,2.15247,12.19731
Kate Eddy - 2v2,0:11:22,65.8396,4,1,7,17,21,63,5.79234,0.35191,0.61584,1.84751,1.4956,5.80645
Kate Eddy - 2v2 Open Space,0:05:35,31.30717,2.5,0.6,5.5,9,13,30.5,5.59065,0.44644,0.98216,2.32146,1.60717,5.62508
Kate Eddy - 3 Feed and Shoot Drill,0:11:25,71.51193,25,0.8,6,19,17,54,6.26382,2.18978,0.52555,1.48905,1.66423,6.48175
Kate Eddy - 3v3,0:35:07,164.5901,15,0.6,8,33,47,115,4.68631,0.42709,0.22778,1.33821,0.9396,3.41671
Kate Eddy - Cecil,0:06:19,36.80469,1,0,5,6,4,28,5.8128,0.15794,0.78968,0.63175,0.94762,5.52777
Kate Eddy - Centre Pass,0:16:42,98.62996,5,0.3,7.5,14.5,38.5,73.5,5.90587,0.2994,0.44909,2.30534,0.86825,5.20948
Kate Eddy - Circle Entry,0:18:12,84.2854,13.57143,0.70526,6.71429,20.14286,26,64,4.62726,0.74507,0.36861,1.4274,1.10584,3.94495
Kate Eddy - Conditioning,0:30:10,327.46148,4,0.875,0,7,3.5,17.5,10.85025,0.13254,0,0.11597,0.23194,0.77866
Kate Eddy - Defensive Technique,0:30:11,123.78501,23,0.69565,13,24,36,95,4.10054,0.7619,0.43064,1.19255,0.79503,3.71014
Kate Eddy - End to End,0:08:23,61.03153,9,0.7037,2.66667,7.33333,12.66667,47.66667,7.26681,1.0716,0.31751,1.50818,0.87315,7.1043
Kate Eddy - Finisher,0:09:00,62.25973,3,0.16667,1,14.75,10.75,29,6.91352,0.33313,0.11104,1.19371,1.63789,4.1086
Kate Eddy - Footwork Drill,0:16:46,101.2741,14.85714,0.67788,10.64286,20.21429,25.42857,96.57143,6.03721,0.88567,0.63445,1.51586,1.20503,6.69364
Kate Eddy - Full Court Transition,0:17:43,103.40285,13,0.53846,4.5,16.5,22.5,66.5,5.83373,0.73343,0.25388,1.26939,0.93089,4.56982
Kate Eddy - Half Court Transitition,0:14:29,107.91785,7,0.42857,11,20,53,99,7.45117,0.48331,0.75949,3.65938,1.3809,6.83544
Kate Eddy - Intercept,0:08:32,56.16172,2.66667,0.125,4,8.33333,13,47,6.57264,0.31208,0.46812,1.5214,0.97525,7.06084
Kate Eddy - Long Line Passing,0:14:10,81.02601,2.33333,0.57143,2.66667,18,7,53.66667,5.715,0.16458,0.18809,0.49373,1.26959,4.20846
Kate Eddy - MAS,0:12:32,166.19668,0,n/a,0,5,1,12,13.26037,0,0,0.07979,0.39894,1.43617
Kate Eddy - Match Sim,0:48:43,393.71604,30,0.5381,27.57143,76.28571,112.85714,261,8.07955,0.61564,0.5658,2.31597,1.56548,6.01859
Kate Eddy - Mid Court to Goal (thin),0:22:14,113.68207,12,0.75,5,23,42,106,5.11314,0.53973,0.22489,1.88906,1.03448,5.17241
Kate Eddy - Passing Drill,0:12:07,87.37414,8,0.51389,7.44444,14.33333,23.66667,84.33333,7.47461,0.65989,0.61406,1.95217,1.1823,7.89118
Kate Eddy - Specialist Def,0:14:17,62.57663,8.75,0.57143,5,14.25,21.25,48.75,4.37726,0.61207,0.34975,1.48645,0.99679,3.93471
Kate Eddy - Specialist Drill,0:18:59,78.77132,6,0.58333,5,15,17,60.5,4.14892,0.31602,0.26335,0.8954,0.79006,3.58159
Kate Eddy - Specialist Fwd,0:24:47,150.10355,13,0.84615,11,26,18,78,6.05663,0.52455,0.44385,0.72629,1.04909,3.59112
Kate Eddy - Specialist Mid,0:24:47,150.10355,13,0.84615,11,26,18,78,6.05663,0.52455,0.44385,0.72629,1.04909,3.59112
Kate Eddy - Sprints,0:03:04,26.71775,0,n/a,0,3,1,11,8.71231,0,0,0.32609,0.97826,4.23913
Kate Eddy - Suicides,0:01:31,24.27374,0,n/a,0,5,2,20,16.00467,0,0,1.31868,3.2967,16.48352
Kate Eddy - Throw In,0:31:19,176.98549,10,0.7,9,22,21.5,82.5,5.65098,0.31929,0.28736,0.68648,0.70244,3.12905
Kate Eddy - Warm Up,0:08:07,44.72217,10.1875,0.5092,0.875,5.9375,8,12.5,5.50548,1.25412,0.10772,0.98483,0.73093,1.70037
Kate Eddy - Zone,0:42:24,189.34699,20,0.55,12.5,37.5,61,127.5,4.46424,0.47154,0.29471,1.4382,0.88414,3.57192
Mwai Kumwenda - 15 on - 15 off,0:16:48,300.33939,0,n/a,0,0,20,8,17.86388,0,0,1.18958,0,0.59479
Mwai Kumwenda - 20 Point Thrown In,0:33:57,194.18466,16,0.5,16,30,69,159,5.71711,0.47107,0.47107,2.03147,0.88325,5.85889
Mwai Kumwenda - 2v1 Open Space,0:02:39,29.84966,2,1,3,6,7,21,11.19572,0.75014,1.12521,2.62549,2.25042,10.50197
Mwai Kumwenda - 2v2,0:08:28,27.09229,1,1,2,7,8,21,3.19988,0.11811,0.23622,0.94488,0.82677,3.30709
Mwai Kumwenda - 2v2 Open Space,0:07:18,34.39422,10,0.75,4,3.5,15.5,28,4.70268,1.36729,0.54692,2.1193,0.47855,4.37532
Mwai Kumwenda - 3 Feed and Shoot Drill,0:11:25,56.94025,13,0.38462,7,13,18,39,4.98747,1.13869,0.61314,1.57664,1.13869,4.81752
Mwai Kumwenda - 3v3,0:35:07,100.30273,15,0.4,10,19,34,77,2.85588,0.42709,0.28473,0.96807,0.54098,2.36322
Mwai Kumwenda - Cecil,0:06:19,30.62053,3,1,2,7,7,19,4.83609,0.47381,0.31587,1.10555,1.10555,4.10634
Mwai Kumwenda - Centre Pass,0:16:42,102.27325,18,0.47222,10,26,36.5,92.5,6.12402,1.07782,0.59879,2.18559,1.55686,6.64657
Mwai Kumwenda - Circle Entry,0:16:35,57.12518,10,0.5,6.33333,15.33333,16.88889,45.11111,3.44424,0.60293,0.38185,1.01828,0.92449,3.3764
Mwai Kumwenda - Conditioning,0:30:04,358.15583,3.5,0.14286,0.5,12,13,11.5,11.90691,0.11636,0.01662,0.43219,0.39894,0.44881
Mwai Kumwenda - Defensive Technique,0:22:32,90.75716,18.5,0.37838,6,17,34.5,82,4.02731,0.82093,0.26625,1.53092,0.75437,4.10465
Mwai Kumwenda - End to End,0:08:23,41.09613,14,0.66667,2.66667,9.33333,22.66667,40,4.89317,1.66693,0.31751,2.69884,1.11129,5.83426
Mwai Kumwenda - Finisher,0:12:46,73.35903,5,0.16667,2.83333,26.83333,16.16667,25.83333,5.76959,0.39136,0.22177,1.2654,2.10031,3.15699
Mwai Kumwenda - Footwork Drill,0:16:46,93.05429,15.28571,0.51869,5.78571,23.07143,40,76.21429,5.5472,0.91122,0.3449,2.3845,1.37535,5.957
Mwai Kumwenda - Full Court Transition,0:18:41,72.88565,8,0.41667,3.66667,13.66667,19,42,3.90013,0.42808,0.1962,1.0167,0.73131,2.97874
Mwai Kumwenda - Half Court Transitition,0:14:29,39.73419,4,0.5,3,8,11,27,2.74344,0.27618,0.20713,0.75949,0.55236,2.48562
Mwai Kumwenda - Intercept,0:08:32,48.6599,1.66667,0.4,3,8.33333,16.66667,42,5.69469,0.19505,0.35109,1.95051,0.97525,5.42242
Mwai Kumwenda - Long Line Passing,0:14:10,46.50618,5.66667,0.23529,1,13.33333,11,28,3.28022,0.39969,0.07053,0.77586,0.94044,2.3511
Mwai Kumwenda - MAS,0:12:32,178.95474,0,n/a,1,11,0,7,14.2783,0,0.07979,0,0.87766,0.87766
Mwai Kumwenda - Match Sim,0:44:06,238.1152,41.75,0.56886,23,54.375,82.625,177.25,5.39802,0.94646,0.5214,1.87309,1.23267,4.8995
Mwai Kumwenda - Mid Court to Goal (thin),0:22:14,85.34692,16,0.5625,12,19,41,97,3.83869,0.71964,0.53973,1.84408,0.85457,4.04798
Mwai Kumwenda - Passing Drill,0:12:13,86.37207,8.875,0.4507,5.625,20.875,31.875,68.375,7.06604,0.72606,0.46018,2.60767,1.70777,6.89244
Mwai Kumwenda - Rehab Conditioning,0:09:20,29.59656,41,0.30488,3,4,8,19.5,3.16823,4.38894,0.32114,0.85638,0.42819,2.99732
Mwai Kumwenda - Specialist Def,0:10:21,55.7135,15,0.26667,5,10,13,50,5.38295,1.44928,0.48309,1.25604,0.96618,5.70048
Mwai Kumwenda - Specialist Drill,0:30:35,102.59155,10.66667,0.625,7,31.66667,38.66667,63,3.3543,0.34875,0.22887,1.26423,1.03536,2.2887
Mwai Kumwenda - Specialist Fwd,0:14:20,58.08473,12.16667,0.39726,5.16667,12,18,48.16667,4.05007,0.84834,0.36026,1.25508,0.83672,4.24172
Mwai Kumwenda - Sprints,0:03:04,34.25752,0,n/a,0,4,0,3,11.17093,0,0,0,1.30435,0.97826
Mwai Kumwenda - Suicides,0:01:31,21.0191,0,n/a,0,1,1,7,13.85875,0,0,0.65934,0.65934,9.89011
Mwai Kumwenda - Throw In,0:31:19,108.95732,6.5,0.61538,3,9.5,19.5,41.5,3.47891,0.20754,0.09579,0.62262,0.30333,1.58049
Mwai Kumwenda - Warm Up,0:08:04,46.57532,6.8125,0.47706,0.5625,6.6875,7.3125,8.8125,5.7736,0.84449,0.06973,0.90648,0.829,1.27836
Mwai Kumwenda - Warm Up Fwd,0:11:56,60.21273,8,0.625,1,12,15,20.33333,5.03987,0.66961,0.0837,1.25552,1.00441,2.00883
Mwai Kumwenda - Zone,0:42:24,164.16313,17.5,0.48571,14,42.5,48,116,3.87048,0.4126,0.33008,1.1317,1.00202,3.26542
Sacha McDonald - 20 Point Thrown In,0:33:57,253.78343,14,0.14286,16,36,72,267,7.4718,0.41218,0.47107,2.1198,1.0599,8.71473
Sacha McDonald - 2v1 Open Space,0:02:31,28.62818,0,n/a,3,4,11,28,11.37092,0,1.19158,4.36912,1.58877,15.09334
Sacha McDonald - 2v2,0:11:22,43.22321,5,0.4,7,12,18,50,3.80263,0.43988,0.61584,1.58358,1.05572,5.89443
Sacha McDonald - 2v2 Open Space,0:05:14,30.58814,3.5,0.42857,5.5,8.5,11,35.5,5.83474,0.66763,1.04913,2.09827,1.62139,7.53469
Sacha McDonald - 3 Feed and Shoot Drill,0:11:25,60.64594,10,0.3,8,10,22,70,5.31205,0.87591,0.70073,1.92701,0.87591,7.79562
Sacha McDonald - 3v3,0:35:07,127.78108,14,0.35714,9,27,37,142,3.63826,0.39862,0.25625,1.05349,0.76876,4.29936
Sacha McDonald - Cecil,0:06:19,31.39253,4,0.25,0,4,12,18,4.95802,0.63175,0,1.89524,0.63175,2.84285
Sacha McDonald - Centre Pass,0:11:36,28.22908,0,n/a,1,4,10,22,2.43211,0,0.08616,0.86156,0.34462,1.89544
Sacha McDonald - Circle Entry,0:13:17,37.83913,5.85714,0.56098,4.85714,7,12.28571,41.42857,2.84854,0.44093,0.36565,0.92487,0.52696,3.73175
Sacha McDonald - Defensive Technique,0:30:11,106.25002,21,0.85714,7,16,33,111,3.51967,0.69565,0.23188,1.09317,0.53002,4.63768
Sacha McDonald - End to End,0:09:30,63.35567,9.5,0.84211,2.5,11,19,65.5,6.66802,0.99985,0.26312,1.9997,1.15772,7.94618
Sacha McDonald - Finisher,0:09:00,58.89342,4,0.5,3.25,10,6.75,29.75,6.53972,0.44417,0.36089,0.74954,1.11043,4.52501
Sacha McDonald - Footwork Drill,0:18:06,97.69502,14.41667,0.68786,9.5,13.25,32.66667,101.75,5.39689,0.79641,0.5248,1.80458,0.73196,6.4081
Sacha McDonald - Full Court Transition,0:15:19,63.07345,5,0.2,3,7,14.5,49,4.117,0.32637,0.19582,0.94646,0.45691,4.01429
Sacha McDonald - Half Court Transitition,0:14:29,75.86023,9,0.11111,7,13,18,82,5.23776,0.6214,0.48331,1.24281,0.89758,7.59494
Sacha McDonald - Intercept,0:08:32,48.23212,5,0.26667,4,8.66667,16,50,5.64463,0.58515,0.46812,1.87249,1.01426,6.55371
Sacha McDonald - Long Line Passing,0:14:10,48.35355,1.33333,0.75,4.66667,23,13,45.33333,3.41052,0.09404,0.32915,0.91693,1.62226,3.221
Sacha McDonald - Match Sim,0:45:31,348.00997,27,0.38272,25,50,108.5,326,7.6434,0.59301,0.54908,2.383,1.09816,8.14833
Sacha McDonald - Mid Court to Goal (thin),0:22:14,72.99849,13,0.23077,7,13,20,69,3.28329,0.58471,0.31484,0.89955,0.58471,4.18291
Sacha McDonald - Passing Drill,0:13:10,92.14392,9.5,0.5,8.625,12.75,26.625,89.75,7.29088,0.72131,0.65488,2.02158,0.96808,7.99139
Sacha McDonald - Specialist Drill,0:18:59,74.7499,9,0.5,6,13,23.5,80,3.93711,0.47403,0.31602,1.23775,0.68472,5.13536
Sacha McDonald - Specialist Fwd,0:15:08,62.16828,7.8,0.61538,4.6,10.8,19,64,4.10623,0.51519,0.30383,1.25495,0.71334,5.46896
Sacha McDonald - Suicides,0:01:31,26.34326,0,n/a,1,6,3,23,17.36918,0,0.65934,1.97802,3.95604,17.14286
Sacha McDonald - Throw In,0:31:19,171.37011,8.5,0.35294,7.5,19,31,101.5,5.47169,0.2714,0.23947,0.9898,0.60665,3.86342
Sacha McDonald - Warm Up,0:08:04,41.40458,7.14286,0.66,0.64286,6.5,3.42857,7.14286,5.12998,0.88499,0.07965,0.4248,0.80534,0.97349
Sacha McDonald - Warm Up Fwd,0:07:56,37.72248,5.5,1,0.5,8,4.5,7.5,4.75239,0.69291,0.06299,0.56692,1.00786,0.88188
Sacha McDonald - Zone,0:42:24,174.67049,15.5,0.29032,11,33.5,48.5,155,4.11821,0.36544,0.25935,1.14349,0.78983,4.00809
Tayla Honey - 20 Point Thrown In,0:33:57,329.24997,8,0.375,35,63,95,273,9.69366,0.23553,1.03046,2.79696,1.85482,9.39188
Tayla Honey - 2v1 Open Space,0:02:28,33.91224,3,0.33333,9,3,6,39,13.68993,1.21106,3.63318,2.42212,1.21106,19.37698
Tayla Honey - 2v2,0:08:28,45.526,5,0.6,4,11,16,39,5.37709,0.59055,0.47244,1.88976,1.29921,5.55118
Tayla Honey - 2v2 Open Space,0:05:12,26.03732,1,1,2.5,6.5,8,24.5,4.99246,0.19174,0.47936,1.53394,1.24632,5.46466
Tayla Honey - 3 Feed and Shoot Drill,0:11:25,38.202,7,0.71429,2,4,10,20,3.34616,0.61314,0.17518,0.87591,0.35036,2.45255
Tayla Honey - 3v3,0:35:07,157.24837,11,0.72727,12,16,34,122,4.47727,0.3132,0.34167,0.96807,0.45556,4.32783
Tayla Honey - Cecil,0:06:19,50.09515,4,0.25,4,3,9,27,7.91184,0.63175,0.63175,1.42143,0.47381,5.05396
Tayla Honey - Centre Pass,0:16:42,138.66834,8,0.3125,14.5,20,32,132,8.30333,0.47903,0.86825,1.91613,1.19758,9.70041
Tayla Honey - Circle Entry,0:18:01,76.88755,8,0.58333,9,14.5,18,64.83333,4.26739,0.44401,0.49952,0.99903,0.80477,4.05162
Tayla Honey - Defensive Technique,0:30:11,141.80933,26,0.65385,15,20,35,113,4.69762,0.86128,0.49689,1.15942,0.66253,4.30642
Tayla Honey - End to End,0:08:23,53.27473,12,0.91667,3.66667,11,17,45,6.34324,1.4288,0.43658,2.02413,1.30973,6.23115
Tayla Honey - Finisher,0:09:00,72.4853,3,0.66667,5,18.5,18,43.5,8.049,0.33313,0.55522,1.99878,2.0543,5.49664
Tayla Honey - Finisher Mid Only,0:07:18,76.80684,3,0.66667,14,11,18,99,10.5198,0.41089,1.9175,2.46536,1.50661,15.06609
Tayla Honey - Footwork Drill,0:16:10,101.3053,12.42857,0.79885,10.5,13.85714,24.78571,89.64286,6.26429,0.76853,0.64928,1.53264,0.85687,6.52367
Tayla Honey - Full Court Transition,0:17:43,124.743,8.5,0.64706,11,21.5,31,99.5,7.03769,0.47955,0.62059,1.74894,1.21298,6.34697
Tayla Honey - Half Court Transitition,0:14:29,69.87851,9,0.77778,7,21,12,60,4.82475,0.6214,0.48331,0.82854,1.44994,4.55696
Tayla Honey - Intercept,0:08:32,57.50158,5.66667,0.41176,6.66667,10.33333,12.33333,55,6.72944,0.66317,0.7802,1.44338,1.20932,7.56798
Tayla Honey - Long Line Passing,0:14:10,94.44274,3.33333,0.7,8.33333,10.33333,13.66667,60.66667,6.66132,0.23511,0.58777,0.96395,0.72884,4.77273
Tayla Honey - MAS,0:19:57,347.29596,0,n/a,0,10,0.5,13,17.40105,0,0,0.02505,0.50104,1.05219
Tayla Honey - Match Sim,0:49:39,457.25998,24.83333,0.5906,37.5,77.16667,95.33333,362,9.20727,0.50004,0.75509,1.91961,1.55381,8.85302
Tayla Honey - Mid Court to Goal (thin),0:22:14,121.07178,12,0.5,30,24,32,117,5.44551,0.53973,1.34933,1.43928,1.07946,5.62219
Tayla Honey - Passing Drill,0:11:07,82.60336,6.9,0.69565,9.8,11.3,17.1,78.6,7.89291,0.61984,0.88035,1.53612,1.0151,8.22859
Tayla Honey - Specialist Drill,0:18:59,96.79192,6,0.58333,12.5,11,21,88.5,5.09807,0.31602,0.65838,1.10608,0.57937,5.6884
Tayla Honey - Specialist Fwd,0:24:47,71.68992,8,0.375,1,4,9,20,2.89267,0.3228,0.04035,0.36315,0.1614,1.04909
Tayla Honey - Specialist Mid,0:17:23,103.63911,9.8,0.71429,9.4,18,20.8,96.4,5.95758,0.56334,0.54035,1.19567,1.03471,6.26575
Tayla Honey - Suicides,0:02:48,39.48505,0,n/a,0,3,2.5,12,14.1018,0,0,0.89286,1.07143,6.60714
Tayla Honey - Throw In,0:31:19,198.66019,8.5,0.41176,9.5,17.5,26,125,6.34304,0.2714,0.30333,0.83016,0.55876,4.85322
Tayla Honey - Warm Up,0:08:07,41.60302,8.75,0.52857,0.75,5.3125,3.875,7.75,5.1215,1.07716,0.09233,0.47703,0.65399,1.10024
Tayla Honey - Zone,0:42:24,227.32334,9.5,0.78947,15.5,32.5,49,184.5,5.35961,0.22398,0.36544,1.15527,0.76625,5.46987
Tegan Philip - 2v1 Open Space,0:02:43,28.2044,0,n/a,4,3,2,16,10.34265,0,1.46681,0.73341,1.10011,11.0011
Tegan Philip - 2v2 Open Space,0:07:11,41.2715,3,0.16667,5.5,8.5,14.5,45.5,5.79948,0.4172,0.76486,2.01646,1.18206,7.09236
Tegan Philip - 3 Feed and Shoot Drill,0:11:25,29.61728,2,0.5,1,2,9,24,2.59421,0.17518,0.08759,0.78832,0.17518,1.66423
Tegan Philip - Centre Pass,0:16:42,92.8919,9,0.05556,3.5,13,25.5,70.5,5.56228,0.53891,0.20958,1.52692,0.77843,5.38911
Tegan Philip - Circle Entry,0:17:18,52.81296,4.75,0.39474,3.25,6.25,14,46,3.05083,0.27439,0.18774,0.80873,0.36104,3.28548
Tegan Philip - Defensive Technique,0:22:32,89.8999,14,0.14286,12,14,26.5,88,3.98927,0.62124,0.5325,1.17593,0.62124,4.77027
Tegan Philip - End to End,0:08:23,51.04408,14,0.47619,5.33333,6.66667,25.66667,61,6.07764,1.66693,0.63502,3.05604,0.79378,8.49341
Tegan Philip - Finisher,0:11:55,72.76348,8,0.125,4.5,9.5,12.5,53.5,6.09895,0.67055,0.37718,1.04773,0.79628,5.76254
Tegan Philip - Footwork Drill,0:16:40,86.37132,16.61538,0.375,6.38462,10.15385,23.61538,85.07692,5.32632,0.9967,0.38299,1.4166,0.60909,6.1786
Tegan Philip - Full Court Transition,0:25:12,83.09063,5,0.2,3.5,7.5,25.5,68,3.29725,0.19841,0.13889,1.0119,0.29762,3.25397
Tegan Philip - Half Court Transitition,0:14:29,8.24081,0,n/a,0,0,0,0,0.56899,0,0,0,0,0
Tegan Philip - Intercept,0:08:32,39.25839,2.33333,0.14286,3,8,13.33333,40,4.59443,0.27307,0.35109,1.56041,0.93624,5.85153
Tegan Philip - Long Line Passing,0:14:10,65.54278,4,0.08333,3.66667,14.33333,16,62.66667,4.62292,0.28213,0.25862,1.12853,1.01097,4.81975
Tegan Philip - Match Sim,0:30:28,193.88855,13.66667,0.29268,13.16667,30.66667,59.66667,154.83333,6.36078,0.44835,0.43195,1.95745,1.00606,6.36443
Tegan Philip - Mid Court to Goal (thin),0:22:14,68.24324,7,0.14286,4,11,18,56,3.06941,0.31484,0.17991,0.8096,0.49475,3.1934
Tegan Philip - Passing Drill,0:12:13,83.04188,10.5,0.28571,7.125,9.875,30.5,89.875,6.7936,0.859,0.58289,2.49519,0.80787,9.06039
Tegan Philip - Specialist Def,0:10:21,51.56863,8,0.25,1,7,16,38,4.98248,0.77295,0.09662,1.54589,0.67633,4.92754
Tegan Philip - Specialist Drill,0:30:35,102.77051,11.33333,0.5,9.66667,12.66667,37,84.66667,3.36015,0.37055,0.31606,1.20974,0.41414,3.21507
Tegan Philip - Specialist Fwd,0:14:20,54.43091,8.33333,0.36,3.5,8.33333,16.83333,50,3.7953,0.58106,0.24404,1.17374,0.58106,4.14875
Tegan Philip - Suicides,0:01:31,23.06641,1,0,1,3,1,15,15.20862,0.65934,0.65934,0.65934,1.97802,15.82418
Tegan Philip - Throw In,0:31:19,143.18232,6.5,0.38462,8,10,27,75,4.57168,0.20754,0.25543,0.86209,0.31929,3.06519
Tegan Philip - Warm Up,0:08:01,41.27674,6.75,0.36111,0.5625,4,6.625,8.75,5.14256,0.84096,0.07008,0.82539,0.49835,1.35489
Tegan Philip - Warm Up Fwd,0:11:56,56.48606,8.33333,0.36,0.66667,7.66667,16.33333,22,4.72794,0.69751,0.0558,1.36712,0.64171,1.98093
Tegan Philip - Zone,0:22:56,58.19227,3,0.33333,4.5,9.5,20,33.5,2.53692,0.13079,0.19618,0.87191,0.41416,1.8746
